state,timestamp,leading_candidate_name,trailing_candidate_name,leading_candidate_votes,trailing_candidate_votes,vote_differential,votes_remaining,new_votes,new_votes_relevant,leading_candidate_partition,trailing_candidate_partition,precincts_reporting,precincts_total,hurdle,hurdle_change,hurdle_mov_avg,counties_partition,total_votes_count
Alaska (EV: 3),40:57.3,Trump,Biden,108231,56849,51382,193975,39556,38323,0.710591551,0.289408449,360,441,0.638021741,0.059392164,0.289408449,{},172031
Alaska (EV: 3),28:22.1,Trump,Biden,80999,45758,35241,233531,0,0,0,0,201,441,0.578629578,-0.421370422,,{},132475
Arizona (EV: 11),49:30.7,Biden,Trump,1643664,1626679,16985,81209,327,319,0.551724138,0.448275862,1475,1489,0.606244793,0.000631689,0.535933333,{'Apache': 327},3322535
Arizona (EV: 11),35:28.2,Biden,Trump,1643488,1626536,16952,81536,16739,16258,0.403124616,0.596875384,1475,1489,0.605613104,0.00170666,0.5384,"{'Apache': 3253, 'Pinal': 13486}",3322208
Arizona (EV: 11),26:06.9,Biden,Trump,1636934,1616832,20102,98275,0,0,0,0,1471,1489,0.603906444,0.011849597,0.533433333,{},3305469
Arizona (EV: 11),08:18.5,Biden,Trump,1636934,1616832,20102,110925,6862,6752,0.555835308,0.444164692,1471,1489,0.592056847,0.008614794,0.533433333,{'Maricopa': 6862},3305469
Arizona (EV: 11),32:33.8,Biden,Trump,1633181,1613833,19348,117787,3038,2995,0.632721202,0.367278798,1471,1489,0.583442053,0.005440436,0.5641,{'Apache': 3038},3298607
Arizona (EV: 11),39:24.2,Biden,Trump,1631286,1612733,18553,120825,244,239,0.380753138,0.619246862,1467,1489,0.578001617,-8.20E-05,0.585366667,{'Navajo': 244},3295569
Arizona (EV: 11),21:07.1,Biden,Trump,1631195,1612585,18610,121069,2279,2239,0.47699866,0.52300134,1467,1489,0.578083574,0.001018505,0.585066667,{'Apache': 2279},3295325
Arizona (EV: 11),03:56.6,Biden,Trump,1630127,1611414,18713,123348,7119,6925,0.321299639,0.678700361,1464,1489,0.577065069,-0.005431437,0.589366667,{'Pinal': 7119},3293046
Arizona (EV: 11),31:25.7,Biden,Trump,1627902,1606714,21188,130467,1022,1010,0.833663366,0.166336634,1464,1489,0.582496505,0.00324506,0.566666667,{'Apache': 1022},3285927
Arizona (EV: 11),09:53.6,Biden,Trump,1627060,1606546,20514,131489,303,293,0.399317406,0.600682594,1463,1489,0.579251446,-4.52E-05,0.5806,{'Coconino': 303},3284905
Arizona (EV: 11),03:57.4,Biden,Trump,1626943,1606370,20573,131792,40407,46505,0.419589291,0.580410709,1463,1489,0.57929665,-0.003455535,0.580410709,{'Maricopa': 47870},3284602
Arizona (EV: 11),01:43.0,Biden,Trump,1607430,1579378,28052,172199,1750,1719,0.525887144,0.474112856,1463,1489,0.582752185,0.001092427,0.5658,{'Yuma': 1750},3244195
Arizona (EV: 11),45:35.8,Biden,Trump,1606526,1578563,27963,173949,6995,6816,0.360768779,0.639231221,1463,1489,0.581659758,-0.002171585,0.570133333,{'Pinal': 6995},3242445
Arizona (EV: 11),24:13.3,Biden,Trump,1604067,1574206,29861,180944,0,0,0,0,1462,1489,0.583831343,-0.003877849,0.5498,{},3235450
Arizona (EV: 11),12:08.6,Biden,Trump,1604067,1574206,29861,172944,7463,0,0,0,1462,1489,0.587709192,0.003628317,0.5498,{'Maricopa': 7463},3235450
Arizona (EV: 11),02:37.7,Biden,Trump,1604067,1574206,29861,180407,71932,69821,0.450194068,0.549805932,1462,1489,0.584080876,0.009967177,0.549805932,{'Maricopa': 71932},3227987
Arizona (EV: 11),28:19.2,Biden,Trump,1572634,1535818,36816,252339,612,595,0.484033613,0.515966387,1462,1489,0.574113699,0.000141158,0.6159,{'Coconino': 612},3156055
Arizona (EV: 11),43:16.4,Biden,Trump,1572346,1535511,36835,252951,2976,2866,0.217376134,0.782623866,1461,1489,0.573972541,-0.002355299,0.614066667,{'Yavapai': 2976},3155443
Arizona (EV: 11),43:16.5,Biden,Trump,1571723,1533268,38455,255927,2172,2099,0.353501667,0.646498333,1460,1489,0.57632784,-0.00056809,0.5873,{'Cochise': 2172},3152467
Arizona (EV: 11),33:12.7,Biden,Trump,1570981,1531911,39070,258099,0,0,0,0,1458,1489,0.57689593,-0.016321185,0.579066667,{},3150295
Arizona (EV: 11),16:34.6,Biden,Trump,1570981,1531911,39070,212909,204,202,0.336633663,0.663366337,1458,1489,0.593217114,-6.81E-05,0.579066667,{'Gila': 204},3150295
Arizona (EV: 11),13:45.5,Biden,Trump,1570913,1531777,39136,213113,8881,6992,0.479405034,0.520594966,1458,1489,0.593285202,0.003072911,0.578166667,{'Pima': 7649},3150091
Arizona (EV: 11),07:08.3,Biden,Trump,1567561,1528137,39424,221994,4846,4698,0.502554278,0.497445722,1453,1489,0.590212291,0.001980957,0.580133333,{'Yuma': 4846},3141210
Arizona (EV: 11),24:11.9,Biden,Trump,1565200,1525800,39400,226840,1031,1003,0.316051844,0.683948156,1451,1489,0.588231334,-0.000423389,0.585066667,{'Navajo': 1031},3136364
Arizona (EV: 11),30:39.2,Biden,Trump,1564883,1525114,39769,227871,6666,6551,0.409555793,0.590444207,1451,1489,0.588654723,-4.68E-05,0.5799,{'Pinal': 6666},3135333
Arizona (EV: 11),53:53.3,Biden,Trump,1562200,1521246,40954,234537,1086,1066,0.336772983,0.663227017,1446,1489,0.588701553,-0.000341423,0.566466667,{'Navajo': 1086},3128667
Arizona (EV: 11),25:09.9,Biden,Trump,1561841,1520539,41302,235623,3957,3865,0.179560155,0.820439845,1446,1489,0.589042976,-0.003781294,0.5617,{'Mohave': 3957},3127581
Arizona (EV: 11),05:29.3,Biden,Trump,1561147,1517368,43779,239580,0,0,0,0,1446,1489,0.59282427,0.003318635,0.524166667,{},3123624
Arizona (EV: 11),01:43.0,Biden,Trump,1561147,1517368,43779,248463,0,0,0,0,1446,1489,0.589505635,-0.005311707,0.524166667,{},3123624
Arizona (EV: 11),32:19.1,Biden,Trump,1561147,1517368,43779,234544,0,0,0,0,1446,1489,0.594817341,0.004363713,0.524166667,{},3123624
Arizona (EV: 11),13:06.4,Biden,Trump,1561147,1517368,43779,245859,1386,1390,0.575539568,0.424460432,1446,1489,0.590453628,0.00093852,0.524166667,{'Santa Cruz': 1409},3123624
Arizona (EV: 11),03:11.4,Biden,Trump,1560347,1516778,43569,247245,61789,60053,0.471000616,0.528999384,1445,1489,0.589515108,0.012172628,0.528999384,{'Maricopa': 61789},3122238
Arizona (EV: 11),33:02.0,Biden,Trump,1532062,1485010,47052,309034,5713,5521,0.534866872,0.465133128,1423,1489,0.577342479,0.002025213,0.5423,{'Coconino': 5713},3060449
Arizona (EV: 11),37:12.1,Biden,Trump,1529109,1482442,46667,314747,1180,1170,0.675213675,0.324786325,1417,1489,0.575317266,0.000940553,0.561866667,{'Apache': 1180},3054736
Arizona (EV: 11),07:55.2,Biden,Trump,1528319,1482062,46257,315927,75314,73976,0.428517357,0.571482643,1415,1489,0.574376713,0.000585868,0.571482643,{'Maricopa': 75314},3053556
Arizona (EV: 11),44:07.4,Biden,Trump,1496619,1439786,56833,391241,0,0,0,0,1386,1489,0.573790845,-0.00297638,0.5175,{},2978242
Arizona (EV: 11),33:56.0,Biden,Trump,1496619,1439786,56833,376072,1957,1965,0.242748092,0.757251908,1386,1489,0.576767226,-0.000961127,0.5175,{'Gila': 2023},2978242
Arizona (EV: 11),15:19.8,Biden,Trump,1496142,1438298,57844,378029,2485,2461,0.763510768,0.236489232,1383,1489,0.577728353,0.002239088,0.5024,"{'Apache': 2223, 'Pinal': 262}",2976285
Arizona (EV: 11),04:29.2,Biden,Trump,1494263,1437716,56547,380514,28344,27529,0.473863925,0.526136075,1380,1489,0.575489264,0.003445414,0.530666667,{'Pima': 28344},2973800
Arizona (EV: 11),55:18.4,Biden,Trump,1481218,1423232,57986,408858,5990,5963,0.418916653,0.581083347,1366,1489,0.57204385,-0.000143844,0.664166667,{'Cochise': 6136},2945456
Arizona (EV: 11),46:52.6,Biden,Trump,1478720,1419767,58953,414848,5169,4975,0.266130653,0.733869347,1362,1489,0.572187695,-0.001925947,0.6626,{'Yavapai': 5169},2939466
Arizona (EV: 11),35:53.7,Biden,Trump,1477396,1416116,61280,420017,7456,7331,0.234074478,0.765925522,1361,1489,0.574113641,-0.003340611,0.638466667,"{'Mohave': 5833, 'Navajo': 1623}",2934297
Arizona (EV: 11),07:42.2,Biden,Trump,1475680,1410501,65179,427473,12227,12039,0.386743085,0.613256915,1359,1489,0.577454253,-0.00099665,0.595066667,"{'Coconino': 4225, 'Pinal': 8002}",2926841
Arizona (EV: 11),27:06.1,Biden,Trump,1471024,1403118,67906,439700,0,0,0,0,1352,1489,0.578450903,0.001744516,0.585066667,{},2914614
Arizona (EV: 11),55:45.8,Biden,Trump,1471024,1403118,67906,449700,1185,1151,0.403127715,0.596872285,1352,1489,0.576706387,-4.96E-05,0.585066667,{'Navajo': 1185},2914614
Arizona (EV: 11),53:24.1,Biden,Trump,1470560,1402431,68129,450885,184,180,0.194444444,0.805555556,1352,1489,0.576756028,-9.26E-05,0.584733333,{'Graham': 184},2913429
Arizona (EV: 11),49:33.7,Biden,Trump,1470525,1402286,68239,451069,632,622,0.229903537,0.770096463,1351,1489,0.576848596,-0.00027034,0.583433333,{'Greenlee': 639},2913245
Arizona (EV: 11),21:26.9,Biden,Trump,1470382,1401807,68575,451701,1936,1897,0.548761202,0.451238798,1350,1489,0.577118936,0.000536284,0.579666667,{'Yuma': 1936},2912613
Arizona (EV: 11),45:16.7,Biden,Trump,1469341,1400951,68390,453637,0,0,0,0,1349,1489,0.576582651,0,0.588333333,{},2910677
Arizona (EV: 11),43:01.7,Biden,Trump,1469341,1400951,68390,453637,62002,61039,0.411671227,0.588328773,1325,1489,0.576582651,-0.001414296,0.588328773,{'Maricopa': 62002},2910677
Arizona (EV: 11),53:07.1,Biden,Trump,1444213,1365040,79173,515639,0,0,0,0,1325,1489,0.577996948,0.000970968,0.591833333,{},2848675
Arizona (EV: 11),19:13.6,Biden,Trump,1444213,1365040,79173,522139,0,0,0,0,1325,1489,0.57702598,-0.00469538,0.591833333,{},2848675
Arizona (EV: 11),03:34.9,Biden,Trump,1444213,1365040,79173,492139,75537,74288,0.40816821,0.59183179,1325,1489,0.58172136,-0.00133507,0.59183179,{'Maricopa': 75537},2848675
Arizona (EV: 11),44:49.8,Biden,Trump,1413891,1321074,92817,567676,5614,5511,0.481945201,0.518054799,1296,1489,0.58305643,0.000637009,0.628133333,{'Pima': 5614},2773138
Arizona (EV: 11),49:45.3,Biden,Trump,1411235,1318219,93016,573290,0,0,0,0,1294,1489,0.582419421,0.036931966,0.6522,{},2767524
Arizona (EV: 11),41:34.1,Biden,Trump,1411235,1318219,93016,1038753,0,0,0,0,1294,1489,0.545487454,-0.044638473,0.6522,{},2767524
Arizona (EV: 11),16:40.3,Biden,Trump,1411235,1318219,93016,524269,0,0,0,0,1294,1489,0.590125927,-0.031134222,0.6522,{},2767524
Arizona (EV: 11),28:27.9,Biden,Trump,1411235,1318219,93016,389660,785,800,0.18625,0.81375,1294,1489,0.621260149,-0.000409319,0.6522,{'Graham': 818},2767524
Arizona (EV: 11),44:32.5,Biden,Trump,1411086,1317568,93518,390445,66,0,0,0,1294,1489,0.621669468,2.06E-05,0.6478,{'Gila': 19},2766739
Arizona (EV: 11),56:14.3,Biden,Trump,1411086,1317568,93518,390511,210,209,0.5215311,0.4784689,1294,1489,0.621648905,7.71E-05,0.6478,{'Apache': 210},2766673
Arizona (EV: 11),52:05.6,Biden,Trump,1410977,1317468,93509,390721,0,0,0,0,1294,1489,0.621571821,0,0.649,{},2766463
Arizona (EV: 11),28:06.7,Biden,Trump,1410977,1317468,93509,390721,0,0,0,0,1294,1489,0.621571821,0.001805442,0.649,{},2766463
Arizona (EV: 11),47:51.9,Biden,Trump,1410977,1317468,93509,396611,126904,124688,0.351004106,0.648995894,1294,1489,0.61976638,-0.007021111,0.648995894,{},2766463
Arizona (EV: 11),28:22.1,Biden,Trump,1367211,1236546,130665,523515,0,0,0,0,1243,1489,0.626787491,-0.373212509,,{},2639559
Georgia (EV: 16),43:52.9,Biden,Trump,2466578,2455931,10647,-21226,60,58,0.689655172,0.310344828,2643,2655,0,0,0.2905,"{'Berrien': 12, 'Dawson': 6, 'Dougherty': 42}",4984895
Georgia (EV: 16),17:21.1,Biden,Trump,2466538,2455913,10625,-21166,81,81,0.518518519,0.481481481,2643,2655,0,0,0.2903,"{'Cobb': 33, 'Laurens': 39, 'Talbot': 3, 'Upson': 6}",4984835
Georgia (EV: 16),53:08.1,Biden,Trump,2466496,2455874,10622,-21085,3,3,0.666666667,0.333333333,2643,2655,0,0,0.289566667,{'Colquitt': 3},4984754
Georgia (EV: 16),41:11.6,Biden,Trump,2466494,2455873,10621,-21082,134,155,0.470967742,0.529032258,2643,2655,0,0,0.289533333,"{'Coffee': 76, 'Gilmer': 75, 'Twiggs': 6}",4984751
Georgia (EV: 16),57:34.3,Biden,Trump,2466421,2455791,10630,-20948,706,688,0.595930233,0.404069767,2643,2655,0,0,0.287866667,"{'Gwinnett': 699, 'Seminole': 7}",4984617
Georgia (EV: 16),36:14.1,Biden,Trump,2466011,2455513,10498,-20242,8,7,0.285714286,0.714285714,2643,2655,0,0,0.2833,{'Tattnall': 8},4983911
Georgia (EV: 16),19:03.1,Biden,Trump,2466009,2455508,10501,-20234,168,303,0.745874587,0.254125413,2643,2655,0,0,0.283166667,{'Bibb': 311},4983903
Georgia (EV: 16),43:13.2,Biden,Trump,2465783,2455431,10352,-20066,5,5,0.4,0.6,2643,2655,0,0,0.281866667,{'Pike': 5},4983735
Georgia (EV: 16),38:22.5,Biden,Trump,2465781,2455428,10353,-18187,409,403,0.694789082,0.305210918,2643,2655,0,0,0.2818,{'Gwinnett': 409},4983730
Georgia (EV: 16),13:11.6,Biden,Trump,2465501,2455305,10196,-17778,1,1,1,0,2643,2655,0,0,0.279366667,{'Calhoun': 1},4983321
Georgia (EV: 16),21:37.7,Biden,Trump,2465500,2455305,10195,-17777,2246,2187,0.736625514,0.263374486,2643,2655,0,0,0.279366667,{'Fulton': 2246},4983320
Georgia (EV: 16),56:07.8,Biden,Trump,2463889,2454729,9160,-15531,1982,1967,0.910015252,0.089984748,2643,2655,0,0,0.2878,{'DeKalb': 1982},4981074
Georgia (EV: 16),46:05.7,Biden,Trump,2462099,2454552,7547,-13549,125,122,0.5,0.5,2643,2655,0,0,0.309133333,{'Columbia': 125},4979092
Georgia (EV: 16),22:23.5,Biden,Trump,2462038,2454491,7547,-13424,726,709,0.699576869,0.300423131,2643,2655,0,0,0.308433333,{'Cobb': 726},4978967
Georgia (EV: 16),15:31.9,Biden,Trump,2461542,2454278,7264,-12698,160,158,0.550632911,0.449367089,2643,2655,0,0,0.309133333,"{'Rockdale': 68, 'Troup': 92}",4978241
Georgia (EV: 16),46:03.3,Biden,Trump,2461455,2454207,7248,-12538,5110,5012,0.781125299,0.218874701,2643,2655,0,0,0.3085,{'Fulton': 5110},4978081
Georgia (EV: 16),41:05.1,Biden,Trump,2457540,2453110,4430,-7428,74,71,0.746478873,0.253521127,2643,2655,0,0,0.327066667,{'Chatham': 74},4972971
Georgia (EV: 16),58:27.6,Biden,Trump,2457487,2453092,4395,-7354,163,160,0.83125,0.16875,2643,2655,0,0,0.327233333,{'Dougherty': 163},4972897
Georgia (EV: 16),24:13.3,Biden,Trump,2457354,2453065,4289,-7191,188,293,0.764505119,0.235494881,2643,2655,0,0,0.3281,{'Muscogee': 300},4972734
Georgia (EV: 16),20:08.5,Biden,Trump,2457130,2452996,4134,-7003,465,456,0.625,0.375,2643,2655,0,0,0.329033333,{'Lowndes': 465},4972546
Georgia (EV: 16),40:56.2,Biden,Trump,2456845,2452825,4020,-6538,58,57,0.385964912,0.614035088,2643,2655,0,0,0.328333333,{'Glynn': 58},4972081
Georgia (EV: 16),28:19.2,Biden,Trump,2456823,2452790,4033,-6480,153,149,0.55704698,0.44295302,2643,2655,0,0,0.3278,{'Houston': 153},4972023
Georgia (EV: 16),23:52.5,Biden,Trump,2456740,2452724,4016,-6327,336,323,0.520123839,0.479876161,2643,2655,0,0,0.327233333,"{'Barrow': 17, 'Coweta': 242, 'Effingham': 32, 'Franklin': 3, 'Haralson': 6, 'Heard': 3, 'Mitchell': 7, 'Union': 13, 'Walker': 13}",4971870
Georgia (EV: 16),05:24.7,Biden,Trump,2456572,2452569,4003,-5991,46,43,0.279069767,0.720930233,2643,2655,0,0,0.325633333,"{'Candler': 1, 'Catoosa': 33, 'Chattahoochee': 1, 'Crisp': 11}",4971534
Georgia (EV: 16),43:16.4,Biden,Trump,2456560,2452538,4022,-5945,210,202,0.618811881,0.381188119,2643,2655,0,0,0.325066667,"{'Bartow': 90, 'Clarke': 120}",4971488
Georgia (EV: 16),16:18.6,Biden,Trump,2456435,2452461,3974,-5735,1120,1148,0.3728223,0.6271777,2643,2655,0,0,0.3247,{'Spalding': 1165},4971278
Georgia (EV: 16),06:00.5,Biden,Trump,2456007,2451741,4266,-4615,12,11,0.181818182,0.818181818,2643,2655,0,0,0.313333333,{'Lee': 12},4970158
Georgia (EV: 16),58:16.5,Biden,Trump,2456005,2451732,4273,-4603,53,52,0.480769231,0.519230769,2643,2655,0,0,0.313166667,{'Walton': 53},4970146
Georgia (EV: 16),47:09.1,Biden,Trump,2455980,2451705,4275,-4550,213,209,0.755980861,0.244019139,2643,2655,0,0,0.312833333,{'Henry': 213},4970093
Georgia (EV: 16),43:16.5,Biden,Trump,2455822,2451654,4168,-4337,11,11,0.181818182,0.818181818,2643,2655,0,0,0.313433333,"{'Jackson': 7, 'Jenkins': 4}",4969880
Georgia (EV: 16),26:05.6,Biden,Trump,2455820,2451645,4175,-4326,9,8,0.25,0.75,2643,2655,0,0,0.313233333,{'Chattooga': 9},4969869
Georgia (EV: 16),16:34.6,Biden,Trump,2455818,2451639,4179,-4317,24,21,0.380952381,0.619047619,2643,2655,0,0,0.313133333,{'Polk': 24},4969860
Georgia (EV: 16),13:45.5,Biden,Trump,2455810,2451626,4184,-4293,14,14,0.571428571,0.428571429,2643,2655,0,0,0.312933333,{'Decatur': 14},4969836
Georgia (EV: 16),07:08.3,Biden,Trump,2455802,2451620,4182,-4279,3,3,0,1,2643,2655,0,0,0.3129,{'Baker': 3},4969822
Georgia (EV: 16),58:48.8,Biden,Trump,2455802,2451617,4185,-4276,22,21,0.476190476,0.523809524,2643,2655,0,0,0.312833333,{'Peach': 22},4969819
Georgia (EV: 16),50:34.4,Biden,Trump,2455792,2451606,4186,-4254,26,26,0.538461538,0.461538462,2643,2655,0,0,0.3127,"{'Brooks': 10, 'Meriwether': 8, 'Oconee': 8}",4969797
Georgia (EV: 16),43:08.4,Biden,Trump,2455778,2451594,4184,-4228,88,86,0.627906977,0.372093023,2643,2655,0,0,0.312566667,"{'Bulloch': 74, 'Fayette': 14}",4969771
Georgia (EV: 16),35:03.6,Biden,Trump,2455724,2451562,4162,-4140,5,5,0.4,0.6,2643,2655,0,0,0.312433333,{'Miller': 5},4969683
Georgia (EV: 16),32:23.5,Biden,Trump,2455722,2451559,4163,-4135,29,28,0.678571429,0.321428571,2643,2655,0,0,0.3124,"{'Hancock': 3, 'Tift': 27}",4969678
Georgia (EV: 16),26:37.1,Biden,Trump,2455703,2451550,4153,-4106,98,97,0.443298969,0.556701031,2643,2655,0,0,0.3124,"{'Jones': 10, 'Thomas': 22, 'Whitfield': 66}",4969649
Georgia (EV: 16),24:11.9,Biden,Trump,2455660,2451496,4164,-4008,456,461,0.388286334,0.611713666,2643,2655,0,0,0.311666667,"{'Banks': 27, 'Bleckley': 2, 'Camden': 17, 'Elbert': 36, 'Floyd': 359, 'Gordon': 22, 'Greene': 5}",4969551
Georgia (EV: 16),14:55.5,Biden,Trump,2455481,2451214,4267,-3552,94,92,0.52173913,0.47826087,2643,2655,0,0,0.307333333,"{'Baldwin': 46, 'Dade': 11, 'Harris': 1, 'Morgan': 4, 'Murray': 7, 'Putnam': 7, 'Taylor': 18}",4969095
Georgia (EV: 16),03:00.5,Biden,Trump,2455433,2451170,4263,-3458,7151,6957,0.69512721,0.30487279,2643,2655,0,-0.712241912,0.3069,"{'Ben Hill': 1, 'Gwinnett': 7076, 'Jasper': 15, 'Toombs': 11, 'Ware': 48}",4969001
Georgia (EV: 16),54:35.4,Biden,Trump,2450597,2449049,1548,3693,61,73,0.397260274,0.602739726,2643,2655,0.712241912,0.001425601,0.313833333,"{'Long': 39, 'Madison': 1, 'Terrell': 2, 'Wayne': 32}",4961850
Georgia (EV: 16),39:06.9,Biden,Trump,2450568,2449005,1563,3754,18,21,0.476190476,0.523809524,2643,2655,0.710816311,0.000871781,0.312933333,"{'Harris': 7, 'Washington': 14}",4961789
Georgia (EV: 16),22:20.4,Biden,Trump,2450558,2448994,1564,3772,37,36,0.75,0.25,2643,2655,0.709944531,0.004432137,0.312733333,"{'Burke': 4, 'Carroll': 2, 'Douglas': 30, 'Stewart': 1}",4961771
Georgia (EV: 16),14:54.2,Biden,Trump,2450531,2448985,1546,3809,23,23,0.304347826,0.695652174,2643,2655,0.705512394,4.43E-05,0.3127,"{'Morgan': 12, 'Towns': 11}",4961734
Georgia (EV: 16),06:01.6,Biden,Trump,2450524,2448969,1555,3832,111,109,0.220183486,0.779816514,2643,2655,0.705468095,-0.002049096,0.312366667,{'White': 111},4961711
Georgia (EV: 16),42:56.7,Biden,Trump,2450500,2448884,1616,3943,195,188,0.563829787,0.436170213,2643,2655,0.707517191,0.012715789,0.3104,"{'Charlton': 2, 'Putnam': 192, 'Stephens': 1}",4961600
Georgia (EV: 16),34:48.8,Biden,Trump,2450394,2448802,1592,4138,5,5,0.8,0.2,2643,2655,0.694801402,0.000601742,0.309133333,"{'Clinch': 4, 'Cook': 1}",4961405
Georgia (EV: 16),25:45.2,Biden,Trump,2450390,2448801,1589,4143,26,24,0.208333333,0.791666667,2643,2655,0.69419966,-0.000489212,0.309133333,"{'Brantley': 15, 'Dooly': 7, 'McDuffie': 5}",4961400
Georgia (EV: 16),08:18.1,Biden,Trump,2450385,2448782,1603,4169,8,8,0.5,0.5,2643,2655,0.694688871,0.000372878,0.3087,"{'Schley': 1, 'Wilkes': 7}",4961374
Georgia (EV: 16),53:53.3,Biden,Trump,2450381,2448778,1603,4177,1,11,0.727272727,0.272727273,2643,2655,0.694315994,0.000652465,0.308633333,{'Jefferson': 11},4961366
Georgia (EV: 16),46:07.2,Biden,Trump,2450373,2448775,1598,4178,302,301,0.574750831,0.425249169,2643,2655,0.693663528,0.018140969,0.3086,{'Laurens': 302},4961365
Georgia (EV: 16),22:14.3,Biden,Trump,2450200,2448647,1553,4480,1,1,0,1,2643,2655,0.675522559,-7.38E-05,0.306733333,{'Hart': 1},4961063
Georgia (EV: 16),11:02.2,Biden,Trump,2450200,2448646,1554,4481,20,19,0.315789474,0.684210526,2643,2655,0.675596385,-7.21E-06,0.3067,"{'Stephens': 9, 'Stewart': 11}",4961062
Georgia (EV: 16),51:26.3,Biden,Trump,2450194,2448633,1561,4501,1,1,0,1,2643,2655,0.67560359,-7.35E-05,0.3064,{'Harris': 1},4961042
Georgia (EV: 16),40:11.6,Biden,Trump,2450194,2448632,1562,4502,1,1,1,0,2643,2655,0.675677054,0.000151458,0.3064,{'McIntosh': 1},4961041
Georgia (EV: 16),24:05.7,Biden,Trump,2450193,2448632,1561,4503,13,12,0.5,0.5,2643,2655,0.675525596,0.000505277,0.3064,{'Harris': 13},4961040
Georgia (EV: 16),08:50.5,Biden,Trump,2450187,2448626,1561,4516,1,1,1,0,2643,2655,0.675020319,0.000150843,0.3063,{'Evans': 1},4961027
Georgia (EV: 16),40:44.5,Biden,Trump,2450186,2448626,1560,4517,9,9,0.222222222,0.777777778,2643,2655,0.674869476,-0.000211635,0.3063,{'Monroe': 9},4961026
Georgia (EV: 16),32:20.7,Biden,Trump,2450184,2448619,1565,4526,62,65,0.4,0.6,2643,2655,0.675081111,0.000931266,0.306133333,"{'Carroll': 56, 'Irwin': 7, 'Rabun': 2}",4961017
Georgia (EV: 16),21:32.8,Biden,Trump,2450158,2448580,1578,4588,1,1,1,0,2643,2655,0.674149844,0.000148286,0.305333333,{'Taliaferro': 1},4960955
Georgia (EV: 16),16:09.1,Biden,Trump,2450157,2448580,1577,4589,13,13,0.230769231,0.769230769,2643,2655,0.674001558,-0.000278648,0.305366667,{'Colquitt': 13},4960954
Georgia (EV: 16),49:49.5,Biden,Trump,2450154,2448570,1584,4602,5,5,0.4,0.6,2643,2655,0.674280205,7.92E-05,0.305133333,{'Hart': 5},4960941
Georgia (EV: 16),41:58.0,Biden,Trump,2450152,2448567,1585,4607,2,2,0,1,2643,2655,0.674200964,-0.000144125,0.305066667,{'Bryan': 2},4960936
Georgia (EV: 16),32:19.1,Biden,Trump,2450152,2448565,1587,4609,15,15,0.533333333,0.466666667,2643,2655,0.674345089,0.000675068,0.305,"{'Clay': 2, 'Crawford': 13}",4960934
Georgia (EV: 16),03:11.4,Biden,Trump,2450144,2448558,1586,4624,47,47,0.574468085,0.425531915,2643,2655,0.673670021,0.002506283,0.3049,{'Newton': 47},4960919
Georgia (EV: 16),35:56.9,Biden,Trump,2450117,2448538,1579,4671,580,573,0.919720768,0.080279232,2643,2655,0.671163738,0.065287178,0.3046,{'Clayton': 580},4960872
Georgia (EV: 16),58:41.8,Biden,Trump,2449590,2448492,1098,5251,3,3,0.666666667,0.333333333,2643,2655,0.60587656,0.000156827,0.3076,{'Pickens': 3},4960292
Georgia (EV: 16),24:48.2,Biden,Trump,2449588,2448491,1097,5254,13,12,0.5,0.5,2643,2655,0.605719733,0.000260937,0.307566667,{'Brooks': 13},4960289
Georgia (EV: 16),15:23.4,Biden,Trump,2449582,2448485,1097,5267,1,3,0.666666667,0.333333333,2643,2655,0.605458796,0.000116134,0.307466667,{'Wheeler': 3},4960276
Georgia (EV: 16),10:54.9,Biden,Trump,2449580,2448484,1096,5268,241,239,0.874476987,0.125523013,2643,2655,0.605342662,0.021060423,0.307466667,{'Clayton': 241},4960275
Georgia (EV: 16),50:07.4,Biden,Trump,2449371,2448454,917,5509,1843,1824,0.878289474,0.121710526,2643,2655,0.584282239,0.116169337,0.308333333,{'Clayton': 1843},4960034
Georgia (EV: 16),40:27.0,Trump,Biden,2448232,2447769,463,7352,306,300,0.163333333,0.836666667,2643,2655,0.531887098,-0.012081821,0.684666667,{'Clayton': 306},4958191
Georgia (EV: 16),41:51.8,Trump,Biden,2448183,2447518,665,7658,816,806,0.126550868,0.873449132,2643,2655,0.543968919,-0.03173662,0.683933333,{'Clayton': 816},4957885
Georgia (EV: 16),41:37.6,Trump,Biden,2448081,2446814,1267,8474,541,530,0.083018868,0.916981132,2643,2655,0.575705539,-0.020282216,0.681,{'Clayton': 541},4957069
Georgia (EV: 16),41:02.8,Trump,Biden,2448037,2446328,1709,9015,144,138,0.152173913,0.847826087,2643,2655,0.595987754,-0.003798023,0.6783,{'Clayton': 144},4956528
Georgia (EV: 16),10:40.0,Trump,Biden,2448016,2446211,1805,9159,1375,1316,0.511398176,0.488601824,2643,2655,0.599785778,0.014467016,0.6779,{'Forsyth': 1375},4956384
Georgia (EV: 16),29:41.1,Trump,Biden,2447343,2445568,1775,10534,34,34,0.176470588,0.823529412,2643,2655,0.585318762,-0.000779577,0.683366667,{'Clayton': 34},4955009
Georgia (EV: 16),06:46.5,Trump,Biden,2447337,2445540,1797,10568,337,333,0.342342342,0.657657658,2643,2655,0.586098339,-0.002214601,0.683033333,{'Forsyth': 337},4954975
Georgia (EV: 16),33:32.2,Trump,Biden,2447223,2445321,1902,10905,1031,1011,0.205736894,0.794263106,2643,2655,0.58831294,-0.017612245,0.6814,{'Rockdale': 1031},4954638
Georgia (EV: 16),00:51.6,Trump,Biden,2447015,2444518,2497,11936,1337,1319,0.125094769,0.874905231,2643,2655,0.605925185,-0.027058324,0.6718,{'Clayton': 1337},4953607
Georgia (EV: 16),44:07.4,Trump,Biden,2446850,2443364,3486,13273,0,0,0,0,2643,2655,0.632983509,0.019040567,0.655766667,{},4952270
Georgia (EV: 16),35:23.4,Trump,Biden,2446850,2443364,3486,15491,0,0,0,0,2643,2655,0.613942942,-7.36E-06,0.655766667,{},4952270
Georgia (EV: 16),33:56.0,Trump,Biden,2446850,2443364,3486,15490,0,0,0,0,2643,2655,0.613950298,0.030320519,0.655766667,{},4952270
Georgia (EV: 16),27:54.6,Trump,Biden,2446850,2443364,3486,21106,0,0,0,0,2643,2655,0.583629779,-7.54E-05,0.655766667,{},4952270
Georgia (EV: 16),26:47.4,Trump,Biden,2446850,2443364,3486,21087,0,0,0,0,2643,2655,0.583705132,-0.011901526,0.655766667,{},4952270
Georgia (EV: 16),26:00.0,Trump,Biden,2446850,2443364,3486,18462,0,0,0,0,2643,2655,0.595606658,0.018380104,0.655766667,{},4952270
Georgia (EV: 16),35:53.7,Trump,Biden,2446850,2443364,3486,22856,2831,2771,0.473114399,0.526885601,2643,2655,0.577226554,0.005574189,0.655766667,{'Forsyth': 2831},4952270
Georgia (EV: 16),01:17.4,Trump,Biden,2445539,2441904,3635,25687,17356,17019,0.32986662,0.67013338,2643,2655,0.571652365,-0.039230491,0.675133333,"{'Chatham': 17056, 'Clayton': 300}",4949439
Georgia (EV: 16),07:42.2,Trump,Biden,2439925,2430499,9426,43043,342,340,0.341176471,0.658823529,2643,2655,0.610882856,-0.000386365,0.6919,"{'Fayette': 56, 'Taylor': 286}",4932083
Georgia (EV: 16),45:38.0,Trump,Biden,2439809,2430275,9534,43385,19,19,0.473684211,0.526315789,2643,2655,0.611269221,3.70E-05,0.693133333,{'Appling': 19},4931741
Georgia (EV: 16),21:28.2,Trump,Biden,2439800,2430265,9535,43404,241,234,0.521367521,0.478632479,2643,2655,0.611232178,0.000730217,0.693266667,{'Floyd': 241},4931722
Georgia (EV: 16),01:29.8,Trump,Biden,2439678,2430153,9525,43645,6305,6162,0.236449205,0.763550795,2643,2655,0.610501961,-0.018976318,0.695533333,{'Fulton': 6305},4931481
Georgia (EV: 16),53:18.8,Trump,Biden,2438221,2425448,12773,49950,5,8,0.625,0.375,2643,2655,0.62947828,3.32E-05,0.6978,{'Greene': 8},4925176
Georgia (EV: 16),37:23.8,Trump,Biden,2438216,2425445,12771,49955,6,6,1,0,2643,2655,0.629445048,7.64E-05,0.6979,{'Brantley': 6},4925171
Georgia (EV: 16),13:32.3,Trump,Biden,2438210,2425445,12765,49961,8,8,0.5,0.5,2643,2655,0.629368695,2.07E-05,0.698066667,{'White': 8},4925165
Georgia (EV: 16),05:33.4,Trump,Biden,2438206,2425441,12765,49969,3,3,0,1,2643,2655,0.629347983,-2.26E-05,0.698133333,{'Randolph': 3},4925157
Georgia (EV: 16),55:45.8,Trump,Biden,2438206,2425438,12768,49972,0,0,0,0,2643,2655,0.629370615,-0.021865925,0.6981,{},4925154
Georgia (EV: 16),40:29.0,Trump,Biden,2438206,2425438,12768,42747,48,46,0.543478261,0.456521739,2643,2655,0.65123654,0.011631342,0.6981,{'Putnam': 48},4925154
Georgia (EV: 16),32:32.0,Trump,Biden,2438181,2425417,12764,46294,3590,3547,0.489991542,0.510008458,2643,2655,0.639605198,-0.006820978,0.6986,"{'Harris': 3589, 'Macon': 1}",4925106
Georgia (EV: 16),23:39.2,Trump,Biden,2436443,2423608,12835,44383,0,0,0,0,2643,2655,0.646426175,-0.09391528,0.7308,{},4921516
Georgia (EV: 16),15:29.0,Trump,Biden,2436443,2423608,12835,27040,0,0,0,0,2643,2655,0.740341455,-0.01324185,0.7308,{},4921516
Georgia (EV: 16),14:01.6,Trump,Biden,2436443,2423608,12835,25628,0,0,0,0,2643,2655,0.753583305,0.032256024,0.7308,{},4921516
Georgia (EV: 16),05:59.0,Trump,Biden,2436443,2423608,12835,29363,19,19,0.684210526,0.315789474,2643,2655,0.721327281,-0.034091067,0.7308,{'Sumter': 19},4921516
Georgia (EV: 16),01:34.9,Trump,Biden,2436430,2423602,12828,25430,0,0,0,0,2643,2655,0.755418348,0.107697434,0.7311,{},4921497
Georgia (EV: 16),45:41.2,Trump,Biden,2436430,2423602,12828,43970,3,17,0.588235294,0.411764706,2643,2655,0.647720914,4.46E-05,0.7311,{'Screven': 17},4921497
Georgia (EV: 16),37:18.7,Trump,Biden,2436420,2423595,12825,43973,586,581,0.160068847,0.839931153,2643,2655,0.647676292,-0.002546393,0.731333333,{'Clayton': 586},4921494
Georgia (EV: 16),21:26.9,Trump,Biden,2436327,2423107,13220,44559,1,1,1,0,2643,2655,0.650222685,1.47E-05,0.7302,{'McIntosh': 1},4920908
Georgia (EV: 16),12:37.0,Trump,Biden,2436326,2423107,13219,44560,939,913,0.327491785,0.672508215,2643,2655,0.650207951,-0.000405522,0.730233333,{'Cobb': 939},4920907
Georgia (EV: 16),50:48.5,Trump,Biden,2436027,2422493,13534,45499,46,46,0.434782609,0.565217391,2643,2655,0.650613472,8.54E-05,0.733566667,"{'Bryan': 15, 'Camden': 25, 'Randolph': 6}",4919968
Georgia (EV: 16),52:38.3,Trump,Biden,2436007,2422467,13540,45545,1,1,1,0,2643,2655,0.650528058,1.44E-05,0.7339,{'Madison': 1},4919922
Georgia (EV: 16),48:22.7,Trump,Biden,2436006,2422467,13539,45546,796,789,0.144486692,0.855513308,2643,2655,0.650513636,-0.003544217,0.733933333,{'Clayton': 796},4919921
Georgia (EV: 16),16:26.9,Trump,Biden,2435892,2421792,14100,46342,3805,3741,0.411120021,0.588879979,2643,2655,0.654057853,0.004974897,0.732,"{'Bryan': 3007, 'Burke': 594, 'Peach': 88, 'Taylor': 117}",4919125
Georgia (EV: 16),46:27.4,Trump,Biden,2434354,2419589,14765,50147,219,216,0.287037037,0.712962963,2643,2655,0.649082956,-0.000276651,0.760866667,{'Fayette': 219},4915320
Georgia (EV: 16),43:40.6,Trump,Biden,2434292,2419435,14857,50366,0,0,0,0,2643,2655,0.649359607,0.079695802,0.7618,{},4915101
Georgia (EV: 16),37:48.0,Trump,Biden,2434292,2419435,14857,107985,6130,6017,0.226691042,0.773308958,2643,2655,0.569663805,-0.017279435,0.7618,{'Fulton': 6130},4915101
Georgia (EV: 16),26:02.7,Trump,Biden,2432928,2414782,18146,105678,0,0,0,0,2643,2655,0.58694324,0.022652914,0.764766667,{},4908971
Georgia (EV: 16),53:50.0,Trump,Biden,2432928,2414782,18146,142914,4,4,0.75,0.25,2643,2655,0.564290327,8.89E-06,0.764766667,{'Madison': 4},4908971
Georgia (EV: 16),46:20.8,Trump,Biden,2432925,2414781,18144,142918,1199,1188,0.313973064,0.686026936,2643,2655,0.564281442,-0.001018113,0.764833333,{'Sumter': 1199},4908967
Georgia (EV: 16),11:30.5,Trump,Biden,2432552,2413966,18586,144117,0,0,0,0,2643,2655,0.565299555,0.006147999,0.769533333,{},4907768
Georgia (EV: 16),50:38.4,Trump,Biden,2432552,2413966,18586,159096,264,256,0.4921875,0.5078125,2643,2655,0.559151556,8.53E-05,0.769533333,"{'Bartow': 263, 'Turner': 2}",4907768
Georgia (EV: 16),10:28.1,Trump,Biden,2432426,2413836,18590,159360,2,2,1,0,2643,2655,0.559066273,7.10E-06,0.7721,{'Echols': 2},4907504
Georgia (EV: 16),45:38.0,Trump,Biden,2432424,2413836,18588,159362,1364,1352,0.517751479,0.482248521,2643,2655,0.559059177,0.00065242,0.772133333,{'Putnam': 1364},4907502
Georgia (EV: 16),55:01.7,Trump,Biden,2431724,2413184,18540,160726,8468,8351,0.232427254,0.767572746,2643,2655,0.558406757,-0.010450907,0.7867,{'Fulton': 8468},4906138
Georgia (EV: 16),12:23.0,Trump,Biden,2429783,2406774,23009,169194,10461,10300,0.217572816,0.782427184,2643,2655,0.568857664,-0.011030743,0.781066667,{'Fulton': 10461},4897670
Georgia (EV: 16),24:38.5,Trump,Biden,2427542,2398715,28827,182707,4344,4251,0.15643378,0.84356622,2643,2655,0.579888407,-0.00605169,0.757533333,{'DeKalb': 4344},4887209
Georgia (EV: 16),22:05.6,Trump,Biden,2426877,2395129,31748,187051,0,0,0,0,2643,2655,0.585940097,0,0.738733333,{},4882865
Georgia (EV: 16),57:56.0,Trump,Biden,2426877,2395129,31748,187051,0,0,0,0,2605,2655,0.585940097,0,0.738733333,{},4882865
Georgia (EV: 16),53:56.9,Trump,Biden,2426877,2395129,31748,187051,0,0,0,0,2575,2655,0.585940097,0,0.738733333,{},4882865
Georgia (EV: 16),53:39.6,Trump,Biden,2426877,2395129,31748,187051,0,0,0,0,2572,2655,0.585940097,0,0.738733333,{},4882865
Georgia (EV: 16),49:40.1,Trump,Biden,2426877,2395129,31748,187051,0,0,0,0,2557,2655,0.585940097,0,0.738733333,{},4882865
Georgia (EV: 16),41:08.0,Trump,Biden,2426877,2395129,31748,187051,3128,3096,0.249354005,0.750645995,2555,2655,0.585940097,-0.002718566,0.738733333,{'Dougherty': 3128},4882865
Georgia (EV: 16),11:54.1,Trump,Biden,2426105,2392805,33300,190179,6682,6594,0.195025781,0.804974219,2555,2655,0.588658662,-0.007335478,0.707133333,"{'Chattahoochee': 2, 'Fulton': 6680}",4879737
Georgia (EV: 16),58:35.5,Trump,Biden,2424819,2387497,37322,196861,-1366,-1352,0.517751479,0.482248521,2555,2655,0.59599414,-0.00079507,0.687766667,{},4873055
Georgia (EV: 16),51:15.1,Trump,Biden,2425519,2388149,37370,195495,-3242,-3236,0.751236094,0.248763906,2555,2655,0.59678921,-0.005914572,0.732433333,{},4874421
Georgia (EV: 16),19:13.6,Trump,Biden,2427950,2388954,38996,192253,1414,1379,0.164612038,0.835387962,2555,2655,0.602703782,-0.001668526,0.6738,{'DeKalb': 1414},4877663
Georgia (EV: 16),03:34.9,Trump,Biden,2427723,2387802,39921,193667,423,438,0.625570776,0.374429224,2554,2655,0.604372308,0.017710221,0.671833333,{'Rabun': 442},4876249
Georgia (EV: 16),59:02.5,Trump,Biden,2427449,2387638,39811,232602,0,0,0,0,2554,2655,0.586662087,0.009867931,0.677933333,{},4875826
Georgia (EV: 16),34:39.9,Trump,Biden,2427449,2387638,39811,262491,10,10,0.2,0.8,2554,2655,0.576794156,-8.65E-06,0.677933333,{'Houston': 10},4875826
Georgia (EV: 16),28:06.8,Trump,Biden,2427447,2387630,39817,262501,14511,14032,0.280002851,0.719997149,2554,2655,0.576802804,-0.007261916,0.677933333,{'Cobb': 13545},4875816
Georgia (EV: 16),16:26.7,Trump,Biden,2423518,2377527,45991,277012,261,268,0.593283582,0.406716418,2554,2655,0.58406472,0.000170438,0.699433333,{'Lamar': 278},4861305
Georgia (EV: 16),07:02.3,Trump,Biden,2423359,2377418,45941,277273,0,0,0,0,2554,2655,0.583894282,-0.001438457,0.702233333,{},4861044
Georgia (EV: 16),00:02.1,Trump,Biden,2423359,2377418,45941,272599,752,723,0.398340249,0.601659751,2554,2655,0.585332739,-3.75E-05,0.702233333,{'Lowndes': 752},4861044
Georgia (EV: 16),55:33.0,Trump,Biden,2423071,2376983,46088,273351,2796,2723,0.18068307,0.81931693,2554,2655,0.585370278,-0.002324213,0.7051,{'DeKalb': 2796},4860292
Georgia (EV: 16),44:49.8,Trump,Biden,2422579,2374752,47827,276147,6580,6468,0.555349412,0.444650588,2553,2655,0.587694491,0.00332323,0.696166667,"{'Fayette': 1062, 'Walton': 5518}",4857496
Georgia (EV: 16),20:56.5,Trump,Biden,2418987,2371876,47111,282727,16690,16474,0.207781959,0.792218041,2553,2655,0.584371261,-0.011578683,0.7456,{'Fulton': 16690},4850916
Georgia (EV: 16),16:49.3,Trump,Biden,2415564,2358825,56739,299417,1610,1575,0.332698413,0.667301587,2540,2655,0.595949943,-0.01815856,0.6668,{'Henry': 1610},4834226
Georgia (EV: 16),01:09.7,Trump,Biden,2415040,2357774,57266,254108,0,0,0,0,2540,2655,0.614108504,-0.003048949,0.665833333,{},4832616
Georgia (EV: 16),59:26.3,Trump,Biden,2415040,2357774,57266,247495,0,0,0,0,2540,2655,0.617157453,-0.047626529,0.665833333,{},4832616
Georgia (EV: 16),14:43.5,Trump,Biden,2415040,2357774,57266,175963,518,503,0.369781312,0.630218688,2540,2655,0.664783981,0.000107819,0.665833333,"{'Fayette': 431, 'Taylor': 87}",4832616
Georgia (EV: 16),01:02.9,Trump,Biden,2414854,2357457,57397,176481,7324,7249,0.279210926,0.720789074,2540,2655,0.664676162,-0.002256173,0.666133333,"{'Dougherty': 4617, 'Forsyth': 2707}",4832098
Georgia (EV: 16),54:27.4,Trump,Biden,2412830,2352232,60598,183805,24030,23686,0.351262349,0.648737651,2540,2655,0.666932336,0.002135034,0.644166667,"{'Chatham': 9373, 'Hall': 4584, 'Houston': 10073}",4824774
Georgia (EV: 16),44:28.0,Trump,Biden,2404510,2336866,67644,207835,1128,1097,0.172288058,0.827711942,2515,2655,0.664797301,-0.000852614,0.677966667,{'DeKalb': 1128},4800744
Georgia (EV: 16),27:15.9,Trump,Biden,2404321,2335958,68363,208963,4,4,0.5,0.5,2514,2655,0.665649915,3.17E-06,0.666833333,{'Madison': 4},4799616
Georgia (EV: 16),12:35.5,Trump,Biden,2404319,2335956,68363,208967,1366,1352,0.517751479,0.482248521,2514,2655,0.665646745,0.001191338,0.666833333,{'Putnam': 1366},4799612
Georgia (EV: 16),55:46.3,Trump,Biden,2403619,2335304,68315,210333,1638,1613,0.613763174,0.386236826,2514,2655,0.664455407,0.00214748,0.668933333,{'Pickens': 1638},4798246
Georgia (EV: 16),45:13.2,Trump,Biden,2402629,2334681,67948,211971,16952,16740,0.210633214,0.789366786,2513,2655,0.662307927,-0.009409046,0.6811,"{'Douglas': 1597, 'Fulton': 15355}",4796608
Georgia (EV: 16),37:45.3,Trump,Biden,2399103,2321467,77636,228923,575,606,0.574257426,0.425742574,2513,2655,0.671716973,0.000628797,0.660066667,{'Harris': 624},4779656
Georgia (EV: 16),29:17.6,Trump,Biden,2398755,2321209,77546,229498,691,670,0.170149254,0.829850746,2513,2655,0.671088176,-0.000458662,0.6645,{'DeKalb': 691},4779081
Georgia (EV: 16),12:19.9,Trump,Biden,2398641,2320653,77988,230189,343,335,0.531343284,0.468656716,2513,2655,0.671546838,0.000301362,0.658266667,"{'Camden': 162, 'Fulton': 181}",4778390
Georgia (EV: 16),53:17.6,Trump,Biden,2398463,2320496,77967,230532,9984,9884,0.476628895,0.523371105,2513,2655,0.671245476,0.006135921,0.659166667,"{'Gilmer': 3426, 'Houston': 6557, 'Stephens': 1}",4778047
Georgia (EV: 16),48:16.5,Trump,Biden,2393752,2315323,78429,240516,11,34,0.588235294,0.411764706,2510,2655,0.665109554,2.02E-05,0.7607,{'Dawson': 35},4768063
Georgia (EV: 16),37:49.6,Trump,Biden,2393732,2315309,78423,240527,1,1,0,1,2510,2655,0.665089373,-1.42E-06,0.761233333,{'Burke': 1},4768052
Georgia (EV: 16),14:42.2,Trump,Biden,2393732,2315308,78424,240528,4905,4807,0.387143749,0.612856251,2510,2655,0.665090792,0.001060961,0.761233333,"{'DeKalb': 2717, 'Stephens': 2188}",4768051
Georgia (EV: 16),44:32.5,Trump,Biden,2391871,2312362,79509,245433,5924,5822,0.171762281,0.828237719,2508,2655,0.66402983,-0.00383322,0.802966667,{'DeKalb': 5924},4763146
Georgia (EV: 16),36:47.7,Trump,Biden,2390871,2307540,83331,251357,811,801,0.65917603,0.34082397,2506,2655,0.66786305,0.001051889,0.810833333,{'Jeff Davis': 814},4757222
Georgia (EV: 16),33:35.0,Trump,Biden,2390343,2307267,83076,252168,80,77,0.506493506,0.493506494,2506,2655,0.666811161,5.49E-05,0.822366667,{'Lanier': 80},4756411
Georgia (EV: 16),28:48.6,Trump,Biden,2390304,2307229,83075,252248,291,291,0.453608247,0.546391753,2506,2655,0.666756249,0.000138018,0.8231,{'Taylor': 291},4756331
Georgia (EV: 16),13:03.5,Trump,Biden,2390172,2307070,83102,252539,499,495,0.616161616,0.383838384,2506,2655,0.666618231,0.000558696,0.8253,{'Wilkinson': 499},4756040
Georgia (EV: 16),40:57.3,Trump,Biden,2389867,2306880,82987,253038,4131,4056,0.148915187,0.851084813,2506,2655,0.666059536,-0.002939916,0.831733333,"{'DeKalb': 4129, 'Emanuel': 2}",4755541
Georgia (EV: 16),57:21.5,Trump,Biden,2389263,2303428,85835,257169,2376,2325,0.168602151,0.831397849,2504,2655,0.668999452,-0.001459178,0.821824841,{'DeKalb': 2376},4751410
Georgia (EV: 16),44:28.2,Trump,Biden,2388871,2301495,87376,259545,2438,2393,0.449644797,0.550355203,2503,2655,0.67045863,0.001120496,0.820952829,{'Houston': 2438},4749034
Georgia (EV: 16),41:18.7,Trump,Biden,2387795,2300178,87617,261983,247,239,0.518828452,0.481171548,2503,2655,0.669338133,0.000176881,0.8489473,{'Bryan': 247},4746596
Georgia (EV: 16),16:47.7,Trump,Biden,2387671,2300063,87608,262230,19244,19061,0.126750957,0.873249043,2503,2655,0.669161252,-0.014030878,0.852787,{'DeKalb': 19244},4746349
Georgia (EV: 16),37:07.2,Trump,Biden,2385255,2283418,101837,281474,3290,3259,0.226449831,0.773550169,2493,2655,0.68319213,-0.001053843,0.750978857,"{'DeKalb': 2095, 'Houston': 1195}",4727105
Georgia (EV: 16),35:11.8,Trump,Biden,2384517,2280897,103620,284764,502,495,0.414141414,0.585858586,2493,2655,0.684245973,0.000173357,0.622377622,{'Bryan': 502},4723815
Georgia (EV: 16),15:56.6,Trump,Biden,2384312,2280607,103705,285266,78,77,0.142857143,0.857142857,2493,2655,0.684072616,-4.73E-05,0.857142857,{'Mitchell': 78},4723313
Georgia (EV: 16),28:22.1,Trump,Biden,2384301,2280541,103760,285344,0,0,0,0,2493,2655,0.684119895,-0.315880105,,{},4723235
North Carolina (EV: 15),17:21.1,Trump,Biden,2733743,2658322,75421,188235,99,98,0.571428571,0.428571429,2425,2662,0.703017307,0.000144384,0.644234985,{'Richmond': 99},5464196
North Carolina (EV: 15),57:36.3,Trump,Biden,2733687,2658280,75407,188334,13,12,0.5,0.5,2425,2662,0.702872923,1.40E-05,0.648969534,{'Graham': 13},5464097
North Carolina (EV: 15),49:24.6,Trump,Biden,2733681,2658274,75407,188347,199,188,0.430851064,0.569148936,2425,2662,0.702858921,0.000144235,0.649371069,{'Hoke': 199},5464084
North Carolina (EV: 15),36:31.6,Trump,Biden,2733600,2658167,75433,188546,773,2646,0.295540438,0.704459562,2425,2662,0.702714685,-0.002068142,0.652908068,{'Mecklenburg': 2762},5463885
North Carolina (EV: 15),40:56.2,Trump,Biden,2732818,2656303,76515,189319,182,181,0.46961326,0.53038674,2425,2662,0.704782828,0.000167265,0.568603214,{'Robeson': 182},5463112
North Carolina (EV: 15),43:16.4,Trump,Biden,2732733,2656207,76526,189501,301,601,0.419301165,0.580698835,2425,2662,0.704615562,6.55E-05,0.573416841,{'Cabarrus': 627},5462930
North Carolina (EV: 15),26:05.6,Trump,Biden,2732481,2655858,76623,189802,117,115,0.2,0.8,2425,2662,0.704550018,-5.81E-05,0.568181818,{'Edgecombe': 117},5462629
North Carolina (EV: 15),07:08.3,Trump,Biden,2732458,2655766,76692,189919,312,297,0.471380471,0.528619529,2425,2662,0.704608091,0.0002903,0.531206657,"{'Anson': 41, 'Pitt': 183, 'Rockingham': 88}",5462512
North Carolina (EV: 15),06:01.6,Trump,Biden,2732318,2655609,76709,190231,390,424,0.466981132,0.533018868,2425,2662,0.704317791,0.000343596,0.533018868,{'Sampson': 434},5462200
North Carolina (EV: 15),03:08.9,Trump,Biden,2732120,2655383,76737,190621,2233,0,0,0,2425,2662,0.703974195,0.002361757,,{'Wake': 567},5461810
North Carolina (EV: 15),46:27.4,Trump,Biden,2732120,2655383,76737,192854,1989,0,0,0,2424,2662,0.701612437,0.002058104,,{'Mecklenburg': 575},5459577
North Carolina (EV: 15),02:56.3,Trump,Biden,2732120,2655383,76737,194843,0,0,0,0,2423,2662,0.699554334,-0.000883667,,{},5457588
North Carolina (EV: 15),41:50.9,Trump,Biden,2732120,2655383,76737,193984,220,0,0,0,2423,2662,0.700438,0.000227062,,{'Gaston': 220},5457588
North Carolina (EV: 15),28:22.1,Trump,Biden,2732120,2655383,76737,194204,0,0,0,0,2423,2662,0.700210938,-0.299789062,,{},5457368
Nevada (EV: 6),17:21.1,Biden,Trump,670344,634158,36186,66080,11002,10461,0.590956887,0.409043113,1900,1993,0.780147205,0.052615672,0.385466667,"{'Clark': 10840, 'Washoe': 162}",1334721
Nevada (EV: 6),31:25.5,Biden,Trump,664162,629879,34283,77082,11584,11009,0.628031611,0.371968389,1887,1993,0.727531533,0.045991435,0.374433333,{'Clark': 11584},1323719
Nevada (EV: 6),15:50.7,Biden,Trump,657248,625784,31464,88666,16371,15614,0.625976688,0.374023312,1873,1993,0.681540098,0.047455266,0.380533333,"{'Clark': 14907, 'Washoe': 1464}",1312135
Nevada (EV: 6),01:07.8,Biden,Trump,647474,619944,27530,105037,8361,7909,0.615754204,0.384245796,1852,1993,0.634084832,0.018146625,0.393533333,{'Clark': 8361},1295764
Nevada (EV: 6),23:29.6,Biden,Trump,642604,616905,25699,113398,1542,1493,0.711319491,0.288680509,1842,1993,0.615938207,0.004363888,0.426666667,{'Washoe': 1542},1287403
Nevada (EV: 6),14:33.4,Biden,Trump,641542,616474,25068,114940,16348,15557,0.577489233,0.422510767,1839,1993,0.611574318,0.023288058,0.445133333,"{'Clark': 14696, 'Elko': 488, 'Nye': 1164}",1285861
Nevada (EV: 6),26:05.6,Biden,Trump,632558,609901,22657,131288,8713,8388,0.650214592,0.349785408,1819,1993,0.58828626,0.01470294,0.406,{'Clark': 8713},1269513
Nevada (EV: 6),08:18.1,Biden,Trump,627104,606967,20137,140001,0,0,0,0,1808,1993,0.57358332,-0.047612177,0.397333333,{},1260800
Nevada (EV: 6),24:05.7,Biden,Trump,627104,606967,20137,85001,0,0,0,0,1808,1993,0.621195497,0.018179143,0.397333333,{},1260800
Nevada (EV: 6),08:50.5,Biden,Trump,627104,606967,20137,100001,1778,1635,0.434250765,0.565749235,1808,1993,0.603016354,0.000718938,0.397333333,{'Carson City': 1778},1260800
Nevada (EV: 6),53:42.8,Biden,Trump,626394,606042,20352,101779,581,556,0.329136691,0.670863309,1807,1993,0.602297416,-0.000368952,0.383866667,{'Nye': 581},1259022
Nevada (EV: 6),16:09.1,Biden,Trump,626211,605669,20542,102360,0,0,0,0,1806,1993,0.602666368,0.007689284,0.377366667,{},1258441
Nevada (EV: 6),05:29.3,Biden,Trump,626211,605669,20542,110647,23,22,0.363636364,0.636363636,1806,1993,0.594977084,-8.00E-06,0.377366667,{'Lyon': 23},1258441
Nevada (EV: 6),01:43.0,Biden,Trump,626203,605655,20548,110670,7,6,0.166666667,0.833333333,1806,1993,0.594985081,-1.25E-05,0.377133333,"{'Lander': 5, 'Storey': 2}",1258418
Nevada (EV: 6),58:02.1,Biden,Trump,626202,605650,20552,110677,5507,5191,0.340396841,0.659603159,1806,1993,0.594997562,-0.002793334,0.377033333,"{'Churchill': 308, 'Douglas': 5199}",1258411
Nevada (EV: 6),49:49.5,Biden,Trump,624435,602226,22209,116184,251,245,0.771428571,0.228571429,1801,1993,0.597790897,0.000795173,0.322366667,{'Washoe': 251},1252904
Nevada (EV: 6),32:19.1,Biden,Trump,624246,602170,22076,116435,30322,29352,0.681214227,0.318785773,1800,1993,0.596995723,0.057123816,0.325733333,{'Clark': 30322},1252653
Nevada (EV: 6),24:54.8,Biden,Trump,604251,592813,11438,146757,15,0,0,0,1764,1993,0.539871908,0.006057111,0.432800369,{'Lincoln': 15},1222331
Nevada (EV: 6),03:08.9,Biden,Trump,604251,592813,11438,173045,913,1237,0.358932902,0.641067098,1619,1993,0.533814797,-0.00084888,0.432800369,{'Nye': 913},1222316
Nevada (EV: 6),32:18.1,Biden,Trump,603807,592020,11787,173958,12189,11271,0.514772425,0.485227575,1614,1993,0.534663677,0.00318497,0.423248053,{'Washoe': 12189},1221403
Nevada (EV: 6),21:28.6,Biden,Trump,598005,586551,11454,186147,1019,941,0.320935175,0.679064825,1614,1993,0.531478707,-0.000749744,0.378750239,"{'Lyon': 1011, 'Storey': 8}",1209214
Nevada (EV: 6),16:26.9,Biden,Trump,597703,585912,11791,187166,995,951,0.368033649,0.631966351,1610,1993,0.532228451,-0.000512008,0.359601572,{'Elko': 995},1208195
Nevada (EV: 6),12:52.8,Biden,Trump,597353,585311,12042,188161,0,0,0,0,1610,1993,0.532740459,0,0.340841602,{},1207200
Nevada (EV: 6),09:07.2,Biden,Trump,597353,585311,12042,188161,14285,13807,0.659158398,0.340841602,1729,1993,0.532740459,0.013416432,0.340841602,{'Clark': 14285},1207200
Nevada (EV: 6),35:11.8,Biden,Trump,588252,580605,7647,202446,0,0,0,0,1610,1993,0.519324027,1.12E-05,,{},1192915
Nevada (EV: 6),28:22.1,Biden,Trump,588252,580605,7647,202563,0,0,0,0,1610,1993,0.519312866,-0.480687134,,{},1192915
Pennsylvania (EV: 20),17:21.1,Biden,Trump,3361708,3316113,45595,62679,67,78,0.102564103,0.897435897,8807,9128,0.868482342,-0.000107062,0.2558,{'Fulton': 81},6765288
Pennsylvania (EV: 20),41:11.6,Biden,Trump,3361700,3316043,45657,62746,27,25,0.24,0.76,8807,9128,0.868589404,5.36E-05,0.254266667,{'Dauphin': 27},6765221
Pennsylvania (EV: 20),57:34.3,Biden,Trump,3361694,3316024,45670,62773,3,3,0,1,8807,9128,0.86853577,-6.60E-06,0.253833333,{'Lycoming': 3},6765194
Pennsylvania (EV: 20),44:06.9,Biden,Trump,3361694,3316021,45673,62776,52,49,0.530612245,0.469387755,8807,9128,0.868542366,0.000329214,0.253766667,{'Northumberland': 52},6765191
Pennsylvania (EV: 20),09:27.8,Biden,Trump,3361668,3315998,45670,62828,5002,3020,0.909933775,0.090066225,8807,9128,0.868213152,0.045643781,0.2532,{'Philadelphia': 3099},6765139
Pennsylvania (EV: 20),12:23.8,Biden,Trump,3358920,3315726,43194,67830,1858,1830,0.443169399,0.556830601,8807,9128,0.822569371,0.007088332,0.258,{'Lancaster': 1858},6760137
Pennsylvania (EV: 20),06:53.8,Biden,Trump,3358109,3314707,43402,69688,1376,1364,0.69941349,0.30058651,8806,9128,0.815481039,0.009986274,0.238166667,{'Bucks': 1376},6758279
Pennsylvania (EV: 20),37:04.6,Biden,Trump,3357155,3314297,42858,71064,1709,1701,0.918871252,0.081128748,8805,9128,0.805494764,0.017093194,0.2347,{'Philadelphia': 1709},6756903
Pennsylvania (EV: 20),26:56.1,Biden,Trump,3355592,3314159,41433,72773,855,843,0.658362989,0.341637011,8805,9128,0.788401571,0.005185961,0.2417,{'Bucks': 855},6755194
Pennsylvania (EV: 20),18:22.7,Biden,Trump,3355037,3313871,41166,73628,5164,5138,0.876411055,0.123588945,8805,9128,0.78321561,0.043428993,0.237833333,{'Philadelphia': 5164},6754339
Pennsylvania (EV: 20),15:18.2,Biden,Trump,3350534,3313236,37298,78792,607,595,0.356302521,0.643697479,8805,9128,0.739786617,0.000742208,0.251666667,{'Lancaster': 607},6749175
Pennsylvania (EV: 20),00:52.2,Biden,Trump,3350322,3312853,37469,79399,2425,2376,0.529461279,0.470538721,8805,9128,0.739044409,0.007951207,0.242966667,{'Lancaster': 2425},6748568
Pennsylvania (EV: 20),23:49.6,Biden,Trump,3349064,3311735,37329,81824,1938,3765,0.887118194,0.112881806,8802,9128,0.731093202,0.022975205,0.2234,{'Philadelphia': 3841},6746143
Pennsylvania (EV: 20),42:02.9,Biden,Trump,3345724,3311310,34414,83762,9480,9306,0.688373093,0.311626907,8802,9128,0.708117996,0.040206341,0.241966667,"{'Allegheny': 7223, 'Armstrong': 2257}",6744205
Pennsylvania (EV: 20),22:42.0,Biden,Trump,3339318,3308410,30908,93242,2850,2787,0.872264083,0.127735917,8785,9128,0.667911655,0.015918469,0.230166667,{'Philadelphia': 2850},6734725
Pennsylvania (EV: 20),25:34.8,Biden,Trump,3336887,3308054,28833,96092,0,0,0,0,8785,9128,0.651993186,0.003212748,0.263433333,{},6731875
Pennsylvania (EV: 20),49:53.9,Biden,Trump,3336887,3308054,28833,98167,0,0,0,0,8785,9128,0.648780438,-0.001648842,0.263433333,{},6731875
Pennsylvania (EV: 20),41:31.6,Biden,Trump,3336887,3308054,28833,97091,0,0,0,0,8785,9128,0.65042928,0.003178842,0.263433333,{},6731875
Pennsylvania (EV: 20),23:36.7,Biden,Trump,3336887,3308054,28833,99187,0,0,0,0,8785,9128,0.647250439,-0.027477447,0.263433333,{},6731875
Pennsylvania (EV: 20),42:51.2,Biden,Trump,3336887,3308054,28833,83589,3201,3169,0.76869675,0.23130325,8785,9128,0.674727886,0.016383881,0.263433333,{'Allegheny': 3201},6731875
Pennsylvania (EV: 20),41:32.0,Biden,Trump,3334451,3307321,27130,86790,9256,9175,0.795640327,0.204359673,8780,9128,0.658344005,0.043871278,0.2802,{'Allegheny': 9256},6728674
Pennsylvania (EV: 20),47:07.7,Biden,Trump,3327151,3305446,21705,96046,5184,4098,0.770131772,0.229868228,8763,9128,0.614472727,0.01694089,0.3418,"{'Chester': 2077, 'Delaware': 1881, 'Erie': 349}",6719418
Pennsylvania (EV: 20),05:24.7,Biden,Trump,3323995,3304504,19491,101230,205,203,0.270935961,0.729064039,8763,9128,0.597531837,-0.000267314,0.352333333,{'Union': 205},6714234
Pennsylvania (EV: 20),11:30.5,Biden,Trump,3323940,3304356,19584,101435,5497,5418,0.758397933,0.241602067,8762,9128,0.597799152,0.018291431,0.349466667,"{'Allegheny': 5361, 'Huntingdon': 187}",6714029
Pennsylvania (EV: 20),49:59.2,Biden,Trump,3319831,3303047,16784,106932,437,430,0.234883721,0.765116279,8753,9128,0.57950772,-0.000752064,0.367266667,{'Bradford': 437},6708532
Pennsylvania (EV: 20),43:16.5,Biden,Trump,3319730,3302718,17012,107369,3878,3827,0.772929187,0.227070813,8752,9128,0.580259784,0.012309801,0.360166667,"{'Northampton': 1043, 'Philadelphia': 2292, 'Washington': 543}",6708095
Pennsylvania (EV: 20),26:05.6,Biden,Trump,3316772,3301849,14923,111247,1701,1672,0.61423445,0.38576555,8488,9128,0.567949983,0.002736522,0.365566667,{'Mercer': 1701},6704217
Pennsylvania (EV: 20),35:03.6,Biden,Trump,3315745,3301204,14541,112948,62,61,0.540983607,0.459016393,8486,9128,0.565213461,5.82E-05,0.361733333,{'Pike': 62},6702516
Pennsylvania (EV: 20),24:11.9,Biden,Trump,3315712,3301176,14536,113010,363,348,0.5,0.5,8486,9128,0.565155272,0.000208615,0.361433333,{'Blair': 363},6702454
Pennsylvania (EV: 20),14:55.5,Biden,Trump,3315538,3301002,14536,113373,39,39,0.435897436,0.564102564,8486,9128,0.564946656,1.54E-09,0.3592,{'Wayne': 39},6702091
Pennsylvania (EV: 20),03:00.5,Biden,Trump,3315521,3300980,14541,113412,85,275,0.541818182,0.458181818,8486,9128,0.564946655,0.000151291,0.358866667,{'Lebanon': 283},6702052
Pennsylvania (EV: 20),39:06.9,Biden,Trump,3315372,3300854,14518,113497,529,527,0.297912713,0.702087287,8486,9128,0.564795363,-0.000645626,0.357466667,"{'Cambria': 527, 'Sullivan': 5}",6701967
Pennsylvania (EV: 20),30:56.7,Biden,Trump,3315215,3300484,14731,114026,7,7,1,0,8485,9128,0.56544099,3.51E-05,0.350566667,{'Centre': 8},6701438
Pennsylvania (EV: 20),22:20.4,Biden,Trump,3315208,3300484,14724,114033,218,216,0.518518519,0.481481481,8485,9128,0.565405878,0.000160269,0.350633333,"{'Lackawanna': 207, 'Lycoming': 11}",6701431
Pennsylvania (EV: 20),14:54.2,Biden,Trump,3315096,3300380,14716,114251,113,109,0.422018349,0.577981651,8485,9128,0.565245609,-1.08E-05,0.349366667,{'Franklin': 113},6701213
Pennsylvania (EV: 20),06:01.6,Biden,Trump,3315050,3300317,14733,114364,2070,2050,0.610243902,0.389756098,8485,9128,0.565256439,0.003126587,0.3484,{'Greene': 2070},6701100
Pennsylvania (EV: 20),58:52.0,Biden,Trump,3313799,3299518,14281,116434,2965,2912,0.60989011,0.39010989,8478,9128,0.562129852,0.004258046,0.333566667,"{'Bradford': 302, 'Westmoreland': 2663}",6699030
Pennsylvania (EV: 20),51:21.7,Biden,Trump,3312023,3298382,13641,119399,479,470,0.429787234,0.570212766,8473,9128,0.557871807,-4.76E-05,0.3074,"{'Carbon': 293, 'Dauphin': 186}",6696065
Pennsylvania (EV: 20),30:39.2,Biden,Trump,3311821,3298114,13707,119878,4,4,0.25,0.75,8473,9128,0.557919452,-6.52E-06,0.300366667,{'Tioga': 4},6695586
Pennsylvania (EV: 20),17:51.6,Biden,Trump,3311820,3298111,13709,119882,255,247,0.5951417,0.4048583,8473,9128,0.55792597,0.000321124,0.300266667,{'Washington': 255},6695582
Pennsylvania (EV: 20),22:14.3,Biden,Trump,3311673,3298011,13662,120137,383,486,0.615226337,0.384773663,8473,9128,0.557604846,0.000653801,0.297933333,{'Erie': 383},6695327
Pennsylvania (EV: 20),13:48.4,Biden,Trump,3311374,3297824,13550,120520,30,26,0.346153846,0.653846154,8472,9128,0.556951044,-1.94E-05,0.293666667,{'Sullivan': 30},6694944
Pennsylvania (EV: 20),11:02.2,Biden,Trump,3311365,3297807,13558,120550,1869,1840,0.540217391,0.459782609,8471,9128,0.556970487,0.001482181,0.2932,"{'Bucks': 1477, 'Delaware': 392}",6694914
Pennsylvania (EV: 20),59:15.5,Biden,Trump,3310371,3296961,13410,122419,177,174,0.603448276,0.396551724,8469,9128,0.555488307,0.000228859,0.2724,{'Fayette': 177},6693045
Pennsylvania (EV: 20),40:11.6,Biden,Trump,3310266,3296892,13374,122596,18,17,0.588235294,0.411764706,8469,9128,0.555259448,2.05E-05,0.2708,{'Sullivan': 18},6692868
Pennsylvania (EV: 20),24:05.7,Biden,Trump,3310256,3296885,13371,122614,4143,4083,0.620132256,0.379867744,8469,9128,0.555238942,0.005725755,0.270633333,{'Crawford': 4143},6692850
Pennsylvania (EV: 20),53:42.8,Biden,Trump,3307724,3295334,12390,126757,6984,6850,0.692992701,0.307007299,8462,9128,0.549513186,0.012599845,0.235366667,{'Lehigh': 6984},6688707
Pennsylvania (EV: 20),05:29.3,Biden,Trump,3302977,3293231,9746,133741,2617,2585,0.670019342,0.329980658,8462,9128,0.536913342,0.003973796,0.1928,{'Bucks': 2617},6681723
Pennsylvania (EV: 20),41:58.0,Biden,Trump,3301245,3292378,8867,136358,300,298,0.231543624,0.768456376,8460,9128,0.532939546,-0.00052076,0.174766667,{'Tioga': 300},6679106
Pennsylvania (EV: 20),15:24.1,Biden,Trump,3301176,3292149,9027,136658,4891,4823,0.730665561,0.269334439,8460,9128,0.533460306,0.009118581,0.168333333,"{'Delaware': 4880, 'Juniata': 11}",6678806
Pennsylvania (EV: 20),03:11.4,Biden,Trump,3297652,3290850,6802,141549,64,100,0.38,0.62,8454,9128,0.524341724,-7.48E-05,0.144433333,{'Elk': 102},6673915
Pennsylvania (EV: 20),27:32.4,Biden,Trump,3297614,3290788,6826,141613,24,23,0.652173913,0.347826087,8454,9128,0.524416571,2.92E-05,0.142766667,{'Lackawanna': 24},6673851
Pennsylvania (EV: 20),23:29.4,Biden,Trump,3297599,3290780,6819,141637,15,14,0.571428571,0.428571429,8454,9128,0.524387399,9.73E-06,0.1426,{'Union': 15},6673827
Pennsylvania (EV: 20),11:34.8,Biden,Trump,3297591,3290774,6817,141652,136,134,0.798507463,0.201492537,8454,9128,0.524377665,0.000309189,0.142466667,{'Dauphin': 136},6673812
Pennsylvania (EV: 20),58:41.8,Biden,Trump,3297484,3290747,6737,141788,2949,2913,0.692070031,0.307929969,8453,9128,0.524068476,0.004406657,0.1421,{'Bucks': 2949},6673676
Pennsylvania (EV: 20),55:24.7,Biden,Trump,3295468,3289850,5618,144737,306,297,0.552188552,0.447811448,8451,9128,0.519661819,0.000149746,0.123933333,{'Cambria': 306},6670727
Pennsylvania (EV: 20),52:37.6,Biden,Trump,3295304,3289717,5587,145043,31412,31156,0.879316985,0.120683015,8450,9128,0.519512073,0.071325307,0.120683015,{'Philadelphia': 31412},6670421
Pennsylvania (EV: 20),15:23.4,Trump,Biden,3285957,3267908,18049,176455,0,0,0,0,8385,9128,0.551813234,0.00769822,0.8045,{},6639009
Pennsylvania (EV: 20),55:44.4,Trump,Biden,3285957,3267908,18049,207247,0,0,0,0,8385,9128,0.544115013,0.010404966,0.8045,{},6639009
Pennsylvania (EV: 20),48:04.7,Trump,Biden,3285957,3267908,18049,271216,27,26,0.538461538,0.461538462,8385,9128,0.533710047,0.000543275,0.8045,"{'Susquehanna': 1, 'Union': 26}",6639009
Pennsylvania (EV: 20),23:27.0,Trump,Biden,3285943,3267896,18047,275628,-280,-274,0.832116788,0.167883212,8385,9128,0.533166772,-0.000368547,0.810766667,{},6638982
Pennsylvania (EV: 20),30:57.9,Trump,Biden,3286171,3267942,18229,275348,5878,5799,0.125193999,0.874806001,8385,9128,0.533535319,-0.007128957,0.804866667,{'Philadelphia': 5878},6639262
Pennsylvania (EV: 20),05:06.0,Trump,Biden,3285445,3262869,22576,281226,5549,5487,0.374521597,0.625478403,8372,9128,0.540664276,-0.001645443,0.790066667,{},6633384
Pennsylvania (EV: 20),59:00.7,Trump,Biden,3283390,3259437,23953,286775,0,0,0,0,8372,9128,0.54230972,0,0.809633333,{},6627835
Pennsylvania (EV: 20),51:40.7,Trump,Biden,3283390,3259437,23953,286775,1254,1247,0.287089014,0.712910986,8372,9128,0.54230972,-0.000749651,0.809633333,{'Bucks': 1254},6627835
Pennsylvania (EV: 20),29:30.3,Trump,Biden,3283032,3258548,24484,288029,3865,3803,0.258743098,0.741256902,8371,9128,0.54305937,-0.002614281,0.8101,{'Delaware': 3865},6626581
Pennsylvania (EV: 20),45:43.8,Trump,Biden,3282048,3255729,26319,291894,13909,13733,0.126702104,0.873297896,8366,9128,0.545673652,-0.01490624,0.807933333,{'Philadelphia': 13909},6622716
Pennsylvania (EV: 20),33:20.4,Trump,Biden,3280308,3243736,36572,305803,8046,7957,0.202588915,0.797411085,8338,9128,0.560579891,-0.006085955,0.7389,{'Delaware': 8046},6608807
Pennsylvania (EV: 20),16:43.5,Trump,Biden,3278696,3237391,41305,313849,2431,2393,0.325114919,0.674885081,8328,9128,0.566665846,-0.000828117,0.709166667,{'Bucks': 2431},6600761
Pennsylvania (EV: 20),37:26.7,Trump,Biden,3277918,3235776,42142,316280,15150,14970,0.275818303,0.724181697,8326,9128,0.567493964,-0.007173231,0.715633333,{'Monroe': 15150},6598330
Pennsylvania (EV: 20),07:55.2,Trump,Biden,3273789,3224935,48854,331430,4035,4001,0.272931767,0.727068233,8316,9128,0.574667194,-0.00184555,0.724633333,"{'Allegheny': 1242, 'Delaware': 2793}",6583180
Pennsylvania (EV: 20),52:07.8,Trump,Biden,3272697,3222026,50671,335465,7474,7398,0.327656123,0.672343877,8309,9128,0.576512744,-0.002099043,0.717133333,{'Mercer': 7474},6579145
Pennsylvania (EV: 20),44:07.4,Trump,Biden,3270273,3217052,53221,342939,0,0,0,0,8298,9128,0.578611788,0.001129678,0.7639,{},6571671
Pennsylvania (EV: 20),33:56.0,Trump,Biden,3270273,3217052,53221,347939,9975,9897,0.244114378,0.755885622,8298,9128,0.57748211,-0.005008988,0.7639,{'Lehigh': 9975},6571671
Pennsylvania (EV: 20),26:00.0,Trump,Biden,3267857,3209571,58286,357914,4130,4079,0.197842608,0.802157392,8298,9128,0.582491098,-0.002507859,0.7778,{'Delaware': 4130},6561696
Pennsylvania (EV: 20),22:40.3,Trump,Biden,3267050,3206299,60751,362044,8867,8700,0.32908046,0.67091954,8293,9128,0.584998957,-0.002029574,0.7756,{'Bucks': 8867},6557566
Pennsylvania (EV: 20),55:18.4,Trump,Biden,3264187,3200462,63725,370911,936,925,0.207567568,0.792432432,8287,9128,0.587028531,-0.000517913,0.782566667,{'Centre': 936},6548699
Pennsylvania (EV: 20),35:53.7,Trump,Biden,3263995,3199729,64266,371847,545,73,0.698630137,0.301369863,8286,9128,0.587546443,0.000167573,0.778633333,"{'Erie': 21, 'Montour': 98}",6547763
Pennsylvania (EV: 20),11:13.1,Trump,Biden,3263944,3199707,64237,372392,12480,12306,0.119210141,0.880789859,8284,9128,0.587378871,-0.009501573,0.779533333,{'Philadelphia': 12480},6547218
Pennsylvania (EV: 20),59:07.4,Trump,Biden,3262477,3188868,73609,384872,205,203,0.60591133,0.39408867,8258,9128,0.596880444,0.00010814,0.691166667,{'Delaware': 205},6534738
Pennsylvania (EV: 20),51:41.2,Trump,Biden,3262354,3188788,73566,385077,4634,4977,0.313039984,0.686960016,8258,9128,0.596772304,-0.001268235,0.693033333,{'Erie': 5039},6534533
Pennsylvania (EV: 20),30:04.9,Trump,Biden,3260796,3185369,75427,389711,4416,4371,0.169755205,0.830244795,8254,9128,0.598040539,-0.002612001,0.689433333,{'Philadelphia': 4416},6529899
Pennsylvania (EV: 20),25:57.7,Trump,Biden,3260054,3181740,78314,394127,405,0,0,0,8230,9128,0.60065254,0.000103323,0.665433333,{'Erie': 113},6525483
Pennsylvania (EV: 20),53:30.6,Trump,Biden,3260054,3181740,78314,394532,35858,35401,0.33456682,0.66543318,8229,9128,0.600549217,-0.005408386,0.66543318,"{'Blair': 5419, 'Cumberland': 30439}",6525078
Pennsylvania (EV: 20),45:38.0,Trump,Biden,3248210,3158183,90027,430390,1333,1319,0.304776346,0.695223654,8196,9128,0.605957603,-0.000277102,0.701733333,{'Bucks': 1333},6489220
Pennsylvania (EV: 20),15:13.6,Trump,Biden,3247808,3157266,90542,431723,12,12,0.5,0.5,8195,9128,0.606234705,2.95E-06,0.707833333,{'Columbia': 12},6487887
Pennsylvania (EV: 20),53:18.8,Trump,Biden,3247802,3157260,90542,431735,13957,13838,0.314713109,0.685286891,8195,9128,0.606231752,-0.002501519,0.707966667,"{'Lehigh': 9526, 'Tioga': 4464}",6487875
Pennsylvania (EV: 20),45:23.9,Trump,Biden,3243447,3147777,95670,445692,6636,6598,0.382237042,0.617762958,8186,9128,0.608733272,-0.000145079,0.7175,"{'Carbon': 65, 'Crawford': 6327, 'Jefferson': 282}",6473918
Pennsylvania (EV: 20),29:17.3,Trump,Biden,3240925,3143701,97224,452328,1830,1818,0.311881188,0.688118812,8177,9128,0.608878351,-0.000324187,0.723733333,{'Bucks': 1830},6467282
Pennsylvania (EV: 20),21:19.0,Trump,Biden,3240358,3142450,97908,454158,86,80,0.55,0.45,8175,9128,0.609202538,2.96E-05,0.724066667,{'Clearfield': 86},6465452
Pennsylvania (EV: 20),13:32.3,Trump,Biden,3240314,3142414,97900,454244,0,0,0,0,8175,9128,0.609172942,0.00569506,0.724833333,{},6465366
Pennsylvania (EV: 20),05:33.4,Trump,Biden,3240314,3142414,97900,479244,13746,13594,0.16602913,0.83397087,8175,9128,0.603477881,-0.006444469,0.724833333,"{'Erie': 6563, 'Philadelphia': 7183}",6465366
Pennsylvania (EV: 20),48:22.3,Trump,Biden,3238057,3131077,106980,492990,4486,4545,0.347414741,0.652585259,8168,9128,0.60992235,-0.000421069,0.6612,"{'Dauphin': 163, 'Delaware': 2031, 'Greene': 1698, 'Northumberland': 690}",6451620
Pennsylvania (EV: 20),40:29.0,Trump,Biden,3236478,3128111,108367,497476,942,927,0.373247033,0.626752967,8160,9128,0.610343419,-3.03E-05,0.690666667,"{'Carbon': 585, 'Lycoming': 357}",6447134
Pennsylvania (EV: 20),15:29.0,Trump,Biden,3236132,3127530,108602,498418,34,34,0.647058824,0.352941176,8159,9128,0.610373706,1.77E-05,0.697466667,{'Sullivan': 34},6446192
Pennsylvania (EV: 20),01:34.9,Trump,Biden,3236110,3127518,108592,498452,3862,3382,0.473388527,0.526611473,8159,9128,0.610356015,0.000666946,0.698033333,"{'Carbon': 605, 'Juniata': 2442, 'Northampton': 493}",6446158
Pennsylvania (EV: 20),37:18.7,Trump,Biden,3234509,3125737,108772,502314,3349,3308,0.351571947,0.648428053,8155,9128,0.609689069,-0.000257251,0.7356,"{'Bucks': 2770, 'Mifflin': 579}",6442296
Pennsylvania (EV: 20),32:33.2,Trump,Biden,3233346,3123592,109754,505663,4226,4175,0.306586826,0.693413174,8153,9128,0.609946321,-0.000693178,0.765033333,{'Carbon': 4226},6438947
Pennsylvania (EV: 20),29:35.2,Trump,Biden,3232066,3120697,111369,509889,0,0,0,0,8147,9128,0.610639498,-8.19E-05,0.795866667,{},6434721
Pennsylvania (EV: 20),12:37.0,Trump,Biden,3232066,3120697,111369,509512,4515,4480,0.205133929,0.794866071,8147,9128,0.610721363,-0.001631034,0.795866667,{'Lehigh': 4515},6434721
Pennsylvania (EV: 20),24:54.8,Trump,Biden,3231147,3117136,114011,514027,2451,2412,0.43159204,0.56840796,8147,9128,0.612352397,0.000209524,0.8126,{'Delaware': 2451},6430206
Pennsylvania (EV: 20),15:33.3,Trump,Biden,3230106,3115765,114341,516478,3076,3048,0.380577428,0.619422572,8144,9128,0.612142873,-4.58E-05,0.8298,{'Armstrong': 3076},6427755
Pennsylvania (EV: 20),21:28.6,Trump,Biden,3228946,3113877,115069,519554,3003,3071,0.311950505,0.688049495,8139,9128,0.612188713,-0.000474898,0.8432,"{'Columbia': 380, 'Mercer': 2723}",6424679
Pennsylvania (EV: 20),02:19.5,Trump,Biden,3227988,3111764,116224,522557,8193,8116,0.15303105,0.84696895,8135,9128,0.612663611,-0.003636046,0.849066667,"{'Delaware': 3990, 'Erie': 4203}",6421676
Pennsylvania (EV: 20),59:05.8,Trump,Biden,3226746,3104890,121856,530750,67,123,0.495934959,0.504065041,8126,9128,0.616299657,1.37E-05,0.8272,{'Wayne': 124},6413483
Pennsylvania (EV: 20),49:58.4,Trump,Biden,3226685,3104828,121857,530817,13114,12954,0.084915856,0.915084144,8126,9128,0.616285932,-0.00721131,0.828266667,{'Philadelphia': 13114},6413416
Pennsylvania (EV: 20),43:40.6,Trump,Biden,3225585,3092974,132611,543931,4507,5341,0.217749485,0.782250515,8098,9128,0.623497242,-0.001769832,0.791633333,{'Bucks': 5397},6400302
Pennsylvania (EV: 20),08:12.6,Trump,Biden,3224422,3088796,135626,548438,73,73,0.191780822,0.808219178,8095,9128,0.625267075,-2.49E-05,0.801933333,{'Dauphin': 73},6395795
Pennsylvania (EV: 20),26:47.0,Trump,Biden,3224408,3088737,135671,548511,554,540,0.514814815,0.485185185,8095,9128,0.62529196,0.000141179,0.802,{'Clearfield': 554},6395722
Pennsylvania (EV: 20),12:31.8,Trump,Biden,3224130,3088475,135655,549065,103,99,0.262626263,0.737373737,8095,9128,0.625150781,-1.99E-05,0.8084,{'Dauphin': 103},6395168
Pennsylvania (EV: 20),11:30.5,Trump,Biden,3224104,3088402,135702,549168,0,0,0,0,8095,9128,0.625170661,0.008325987,0.808733333,{},6395065
Pennsylvania (EV: 20),36:33.9,Trump,Biden,3224104,3088402,135702,588300,13724,12708,0.233868429,0.766131571,8095,9128,0.616844674,-0.003027656,0.808733333,{'Bucks': 12931},6395065
Pennsylvania (EV: 20),20:44.8,Trump,Biden,3221132,3078666,142466,602024,0,0,0,0,8084,9128,0.61987233,0.014192793,0.840033333,{},6381341
Pennsylvania (EV: 20),10:28.1,Trump,Biden,3221132,3078666,142466,682876,32633,32274,0.159973973,0.840026027,8084,9128,0.605679537,-0.010718382,0.840026027,"{'Fayette': 1745, 'Greene': 671, 'Montgomery': 9534, 'Philadelphia': 20683}",6381341
Pennsylvania (EV: 20),22:05.6,Trump,Biden,3215969,3051555,164414,715509,38652,37447,0.255267445,0.744732555,8031,9128,0.616397919,-0.006345496,0.744732555,"{'Chester': 28860, 'Montgomery': 9327, 'Westmoreland': 25}",6348708
Pennsylvania (EV: 20),57:56.0,Trump,Biden,3206410,3023667,182743,754161,1318,1302,0.569892473,0.430107527,8000,9128,0.622743415,0.000336168,0.6997,{'Allegheny': 1318},6310056
Pennsylvania (EV: 20),53:39.6,Trump,Biden,3205668,3023107,182561,755479,5743,6112,0.349803665,0.650196335,7998,9128,0.622407247,-0.000298256,0.711333333,{'Westmoreland': 6183},6308738
Pennsylvania (EV: 20),16:30.1,Trump,Biden,3203530,3019133,184397,761222,4549,4484,0.23706512,0.76293488,7990,9128,0.622705503,-0.000830869,0.722866667,{'Allegheny': 4549},6302995
Pennsylvania (EV: 20),47:23.7,Trump,Biden,3202467,3015712,186755,765771,10173,10029,0.289161432,0.710838568,7982,9128,0.623536372,-0.00114114,0.715,{'Montgomery': 10173},6298446
Pennsylvania (EV: 20),26:44.7,Trump,Biden,3199567,3008583,190984,775944,1285,2152,0.175650558,0.824349442,7973,9128,0.624677512,-0.000703695,0.7283,{'Delaware': 2162},6288273
Pennsylvania (EV: 20),19:13.6,Trump,Biden,3199189,3006809,192380,777229,440,0,0,0,7972,9128,0.625381206,7.09E-05,0.7174,{'Westmoreland': 26},6286988
Pennsylvania (EV: 20),03:34.9,Trump,Biden,3199189,3006809,192380,777669,9413,9021,0.301962088,0.698037912,7971,9128,0.625310266,-0.000800875,0.7174,{'Beaver': 9240},6286548
Pennsylvania (EV: 20),21:51.2,Trump,Biden,3196465,3000512,195953,787082,10590,10473,0.289601833,0.710398167,7958,9128,0.626111141,-0.001124328,0.709666667,"{'Luzerne': 2617, 'Montgomery': 7973}",6277135
Pennsylvania (EV: 20),16:26.7,Trump,Biden,3193432,2993072,200360,797672,0,0,0,0,7948,9128,0.627235469,-0.000133329,0.6964,{},6266545
Pennsylvania (EV: 20),07:02.3,Trump,Biden,3193432,2993072,200360,796837,5612,5530,0.19801085,0.80198915,7948,9128,0.627368798,-0.001217623,0.6964,{'Allegheny': 5612},6266545
Pennsylvania (EV: 20),02:56.3,Trump,Biden,3192337,2988637,203700,802449,217,213,0.309859155,0.690140845,7938,9128,0.628586421,-1.64E-05,0.680966667,{'Carbon': 217},6260933
Pennsylvania (EV: 20),55:33.0,Trump,Biden,3192271,2988490,203781,802666,24511,24523,0.327610814,0.672389186,7937,9128,0.628602776,-0.001366926,0.681166667,"{'Allegheny': 6345, 'Lancaster': 7899, 'Westmoreland': 10681}",6260716
Pennsylvania (EV: 20),44:49.8,Trump,Biden,3184237,2972001,212236,827177,77985,76309,0.279482106,0.720517894,7904,9128,0.629969702,-0.007636447,0.720517894,"{'Allegheny': 21137, 'Bucks': 5, 'Butler': 32947, 'Carbon': 312, 'Chester': 10409, 'Delaware': 11820, 'Luzerne': 599}",6236205
Pennsylvania (EV: 20),16:49.3,Trump,Biden,3162910,2917019,245891,905162,19381,19167,0.234778526,0.765221474,7818,9128,0.637606149,-0.002685802,0.7564,"{'Luzerne': 2010, 'Monroe': 17371}",6158220
Pennsylvania (EV: 20),49:45.3,Trump,Biden,3158410,2902352,256058,924543,21097,21130,0.259204922,0.740795078,7805,9128,0.640291951,-0.002321078,0.678533333,"{'Carbon': 419, 'Cumberland': 20990}",6138839
Pennsylvania (EV: 20),41:34.1,Trump,Biden,3152933,2886699,266234,945640,3360,3288,0.584854015,0.415145985,7787,9128,0.642613029,0.000802776,0.674666667,{'Allegheny': 3360},6117742
Pennsylvania (EV: 20),28:05.0,Trump,Biden,3151010,2885334,265676,949000,3197,3176,0.330289673,0.669710327,7781,9128,0.641810253,-9.73E-05,0.712833333,{'Montour': 3218},6114382
Pennsylvania (EV: 20),24:27.3,Trump,Biden,3149961,2883207,266754,952197,2190,2162,0.523589269,0.476410731,7777,9128,0.641907599,0.000379768,0.7234,{'Bucks': 2190},6111185
Pennsylvania (EV: 20),16:40.3,Trump,Biden,3148829,2882177,266652,954387,4579,4522,0.257408226,0.742591774,7776,9128,0.641527831,-0.000483138,0.744533333,{'Erie': 4579},6108995
Pennsylvania (EV: 20),14:43.5,Trump,Biden,3147665,2878819,268846,958966,17642,17421,0.266574823,0.733425177,7771,9128,0.642010969,-0.001653075,0.7486,"{'Allegheny': 7805, 'Beaver': 9837}",6104416
Pennsylvania (EV: 20),01:02.9,Trump,Biden,3143021,2866042,276979,976608,27630,28133,0.230405574,0.769594426,7744,9128,0.643664043,-0.00369873,0.7574,"{'Allegheny': 9349, 'Bucks': 16075, 'Luzerne': 2999}",6086774
Pennsylvania (EV: 20),54:27.4,Trump,Biden,3136539,2844391,292148,1004238,1365,1848,0.428571429,0.571428571,7713,9128,0.647362774,6.70E-05,0.6996,{'Berks': 1908},6059144
Pennsylvania (EV: 20),44:28.0,Trump,Biden,3135747,2843335,292412,1005603,16361,16152,0.222201585,0.777798415,7712,9128,0.647295728,-0.002089962,0.710933333,"{'Allegheny': 13035, 'Carbon': 539, 'Mercer': 2787}",6057779
Pennsylvania (EV: 20),38:48.9,Trump,Biden,3132158,2830772,301386,1021964,10527,10373,0.408078666,0.591921334,7684,9128,0.64938569,0.000587505,0.693733333,{'Franklin': 10527},6041418
Pennsylvania (EV: 20),21:41.5,Trump,Biden,3127925,2824632,303293,1032491,2306,0,0,0,7675,9128,0.648798184,0.00033159,0.751433333,{},6030891
Pennsylvania (EV: 20),20:14.1,Trump,Biden,3127925,2824632,303293,1034797,0,0,0,0,7671,9128,0.648466594,0,0.751433333,{},6028585
Pennsylvania (EV: 20),19:33.1,Trump,Biden,3127925,2824632,303293,1034797,7256,9696,0.244740099,0.755259901,7671,9128,0.648466594,-0.001372429,0.751433333,"{'Allegheny': 7991, 'McKean': 1203, 'Washington': 609}",6028585
Pennsylvania (EV: 20),12:35.5,Trump,Biden,3125552,2817309,308243,1042053,2056,576,0.565972222,0.434027778,7659,9128,0.649839024,0.000331926,0.7329,{'Bucks': 462},6021329
Pennsylvania (EV: 20),07:35.0,Trump,Biden,3125226,2817059,308167,1044109,0,0,0,0,7657,9128,0.649507098,0,0.740366667,{},6019273
Pennsylvania (EV: 20),04:57.1,Trump,Biden,3125226,2817059,308167,1044109,21949,21654,0.241156368,0.758843632,7657,9128,0.649507098,-0.002248361,0.740366667,"{'Chester': 10427, 'Lebanon': 2367, 'Montgomery': 9155}",6019273
Pennsylvania (EV: 20),01:03.8,Trump,Biden,3120004,2800627,319377,1066058,0,0,0,0,7639,9128,0.651755459,-0.000511767,0.786933333,{},5997324
Pennsylvania (EV: 20),55:46.3,Trump,Biden,3120004,2800627,319377,1062475,0,0,0,0,7639,9128,0.652267227,-0.000314361,0.786933333,{},5997324
Pennsylvania (EV: 20),54:02.3,Trump,Biden,3120004,2800627,319377,1060286,0,0,0,0,7639,9128,0.652581588,-0.000973946,0.786933333,{},5997324
Pennsylvania (EV: 20),45:43.1,Trump,Biden,3120004,2800627,319377,1053561,3278,3365,0.425854383,0.574145617,7639,9128,0.653555534,0.00023711,0.786933333,{'Blair': 3392},5997324
Pennsylvania (EV: 20),41:50.9,Trump,Biden,3118571,2798695,319876,1056839,887,871,0.468427095,0.531572905,7634,9128,0.653318424,0.000102232,0.803166667,{'Luzerne': 887},5994046
Pennsylvania (EV: 20),29:17.6,Trump,Biden,3118163,2798232,319931,1057726,27598,27347,0.176655575,0.823344425,7633,9128,0.653216192,-0.004358016,0.8059,"{'Bradford': 4211, 'Philadelphia': 23444}",5993159
Pennsylvania (EV: 20),21:34.2,Trump,Biden,3113332,2775716,337616,1085324,23395,23194,0.373976028,0.626023972,7577,9128,0.657574208,0.000654055,0.655066667,"{'Adams': 18621, 'Cameron': 46, 'Carbon': 298, 'Clarion': 1906, 'Lehigh': 2624}",5965561
Pennsylvania (EV: 20),04:05.7,Trump,Biden,3104658,2761196,343462,1108719,12427,12249,0.245979264,0.754020736,7557,9128,0.656920154,-0.001072303,0.776133333,{'Montgomery': 12427},5942166
Pennsylvania (EV: 20),58:39.9,Trump,Biden,3101645,2751960,349685,1121146,8760,8657,0.260367333,0.739632667,7547,9128,0.657992457,-0.000635149,0.876566667,{'Erie': 8760},5929739
Pennsylvania (EV: 20),53:17.6,Trump,Biden,3099391,2745557,353834,1129906,5527,5487,0.264078732,0.735921268,7538,9128,0.658627605,-0.000382868,0.943433333,"{'Dauphin': 135, 'Luzerne': 5392}",5920979
Pennsylvania (EV: 20),48:16.5,Trump,Biden,3097942,2741519,356423,1135433,24654,23277,0,1,7531,9128,0.659010473,-0.006784576,0.955133333,{'Philadelphia': 23354},5915452
Pennsylvania (EV: 20),37:49.6,Trump,Biden,3097942,2718242,379700,1160087,15540,15329,0.20027399,0.79972601,7479,9128,0.665795049,-0.001767758,0.802366667,"{'Allegheny': 15280, 'Carbon': 260}",5890798
Pennsylvania (EV: 20),23:38.1,Trump,Biden,3094872,2705983,388889,1175627,16214,16005,0.194876601,0.805123399,7451,9128,0.667562807,-0.00187156,0.845466667,{'Allegheny': 16214},5875258
Pennsylvania (EV: 20),14:42.2,Trump,Biden,3091753,2693097,398656,1191841,31489,32521,0.10842225,0.89157775,7423,9128,0.669434367,-0.006184741,0.89157775,"{'Chester': 7592, 'Philadelphia': 25197}",5859044
Pennsylvania (EV: 20),10:29.2,Trump,Biden,3088227,2664102,424125,1223330,28498,28137,0.303124,0.696876,7368,9128,0.675619108,-0.000485102,0.6999,"{'Centre': 2717, 'Lancaster': 8130, 'Lehigh': 5953, 'Westmoreland': 11698}",5827555
Pennsylvania (EV: 20),06:10.4,Trump,Biden,3079698,2644494,435204,1251828,197,197,0.431472081,0.568527919,7343,9128,0.676104209,1.68E-05,0.7686,{'Carbon': 197},5799057
Pennsylvania (EV: 20),03:16.4,Trump,Biden,3079613,2644382,435231,1252025,23686,24192,0.233424272,0.766575728,7343,9128,0.676087424,-0.001852036,0.77,"{'Allegheny': 6486, 'Delaware': 17956}",5798860
Pennsylvania (EV: 20),47:47.0,Trump,Biden,3073966,2625837,448129,1275711,6879,6796,0.215715127,0.784284873,7310,9128,0.67793946,-0.000571703,0.720933333,"{'Allegheny': 6669, 'Carbon': 210}",5775174
Pennsylvania (EV: 20),44:32.5,Trump,Biden,3072500,2620507,451993,1282590,14117,13973,0.249266442,0.750733558,7299,9128,0.678511163,-0.000793816,0.696666667,"{'Beaver': 4971, 'Bucks': 9146}",5768295
Pennsylvania (EV: 20),33:35.0,Trump,Biden,3069017,2610017,459000,1296707,134,131,0.824427481,0.175572519,7286,9128,0.679304979,5.17E-05,0.6894,{'Carbon': 134},5754178
Pennsylvania (EV: 20),17:39.8,Trump,Biden,3068909,2609994,458915,1296841,10555,10498,0.364259859,0.635740141,7286,9128,0.679253251,0.000342936,0.691433333,{'Indiana': 10617},5754044
Pennsylvania (EV: 20),13:03.5,Trump,Biden,3065085,2603320,461765,1307396,4397,4361,0.292364137,0.707635863,7270,9128,0.678910315,-9.96E-05,0.7042,"{'Carbon': 209, 'Dauphin': 20, 'Luzerne': 4168}",5743489
Pennsylvania (EV: 20),56:14.3,Trump,Biden,3063810,2600234,463576,1311793,494,486,0.362139918,0.637860082,7264,9128,0.679009943,1.57E-05,0.714366667,{'Clarion': 494},5739092
Pennsylvania (EV: 20),40:57.3,Trump,Biden,3063634,2599924,463710,1312287,1700,1679,0.424061942,0.575938058,7263,9128,0.678994281,0.000133274,0.716633333,{'Armstrong': 1700},5738598
Pennsylvania (EV: 20),23:27.2,Trump,Biden,3062922,2598957,463965,1313987,4754,4870,0.226899384,0.773100616,7261,9128,0.678861007,-0.000376962,0.727933333,{'Beaver': 4927},5736898
Pennsylvania (EV: 20),15:15.7,Trump,Biden,3061817,2595192,466625,1318741,4780,4708,0.202846219,0.797153781,7255,9128,0.679237969,-0.000423542,0.728666667,"{'Allegheny': 4766, 'Dauphin': 14}",5732144
Pennsylvania (EV: 20),44:28.2,Trump,Biden,3060862,2591439,469423,1323521,10854,11014,0.356092246,0.643907754,7246,9128,0.679661511,0.000258013,0.7256,"{'Cambria': 1249, 'Franklin': 9913}",5727364
Pennsylvania (EV: 20),41:18.7,Trump,Biden,3056940,2584347,472593,1334375,155,154,0.402597403,0.597402597,7237,9128,0.679403499,9.45E-06,0.7747,{'Carbon': 155},5716510
Pennsylvania (EV: 20),24:40.8,Trump,Biden,3056878,2584255,472623,1334530,219,217,0.502304147,0.497695853,7237,9128,0.679394049,2.98E-05,0.775633333,{'Carbon': 219},5716355
Pennsylvania (EV: 20),16:47.7,Trump,Biden,3056769,2584147,472622,1334749,35680,35526,0.222344199,0.777655801,7237,9128,0.679364235,-0.00262216,0.777655801,"{'Allegheny': 15055, 'Erie': 5524, 'Montgomery': 15393}",5716136
Pennsylvania (EV: 20),04:22.0,Trump,Biden,3048870,2556520,492350,1370429,15217,15118,0.276094722,0.723905278,7193,9128,0.681986395,-0.000476348,0.7195,"{'Bucks': 10669, 'Clarion': 1146, 'Clinton': 488, 'Luzerne': 2935}",5680456
Pennsylvania (EV: 20),52:58.6,Trump,Biden,3044696,2545576,499120,1385646,30,29,0.482758621,0.517241379,7181,9128,0.682462743,3.58E-06,0.703166667,{'Dauphin': 30},5665239
Pennsylvania (EV: 20),45:02.2,Trump,Biden,3044682,2545561,499121,1385676,13349,13209,0.281626164,0.718373836,7181,9128,0.682459159,-0.000347838,0.703333333,"{'Carbon': 237, 'Lancaster': 13112}",5665209
Pennsylvania (EV: 20),41:26.6,Trump,Biden,3040962,2536072,504890,1399025,20482,20226,0.308513794,0.691486206,7169,9128,0.682806997,-0.000126436,0.670333333,{'Northampton': 20482},5651860
Pennsylvania (EV: 20),32:53.8,Trump,Biden,3034722,2522086,512636,1419507,6321,6341,0.476580981,0.523419019,7151,9128,0.682933432,0.000705469,0.755,{'Schuylkill': 6448},5631378
Pennsylvania (EV: 20),25:02.0,Trump,Biden,3031700,2518767,512933,1425828,33898,33507,0.182946847,0.817053153,7140,9128,0.682227964,-0.003141332,0.817053153,{'Chester': 33898},5625057
Pennsylvania (EV: 20),12:53.5,Trump,Biden,3025570,2491390,534180,1459726,15030,14885,0.284783339,0.715216661,7115,9128,0.685369296,-0.000311482,0.654133333,{'Lancaster': 15030},5591159
Pennsylvania (EV: 20),03:50.7,Trump,Biden,3021331,2480744,540587,1474756,556,547,0.493601463,0.506398537,7102,9128,0.685680778,6.76E-05,0.5693,"{'Carbon': 531, 'Dauphin': 25}",5576129
Pennsylvania (EV: 20),01:30.8,Trump,Biden,3021061,2480467,540594,1475312,4467,4428,0.398599819,0.601400181,7102,9128,0.685613204,0.000252911,0.57,{'Luzerne': 4467},5575573
Pennsylvania (EV: 20),52:05.6,Trump,Biden,3019296,2477804,541492,1479779,2761,2736,0.265716374,0.734283626,7097,9128,0.685360292,-9.28E-05,0.561533333,{'Lehigh': 2761},5571106
Pennsylvania (EV: 20),41:34.7,Trump,Biden,3018569,2475795,542774,1482540,82554,81733,0.455788971,0.544211029,7097,9128,0.685453117,0.007443046,0.544211029,{'Bucks': 82554},5568345
Pennsylvania (EV: 20),25:43.0,Trump,Biden,2981316,2431315,550001,1565094,44605,44313,0.075124681,0.924875319,7035,9128,0.678010071,-0.0069168,0.924875319,{'Philadelphia': 44605},5485791
Pennsylvania (EV: 20),17:08.8,Trump,Biden,2977987,2390331,587656,1609699,4275,4249,0.298658508,0.701341492,6943,9128,0.684926871,-4.72E-05,0.819566667,{'Luzerne': 4275},5441186
Pennsylvania (EV: 20),56:08.7,Trump,Biden,2976718,2387351,589367,1613974,88,87,0.413793103,0.586206897,6938,9128,0.684974048,5.38E-06,0.8392,{'Dauphin': 88},5436911
Pennsylvania (EV: 20),32:18.8,Trump,Biden,2976682,2387300,589382,1614062,39561,39269,0.160075378,0.839924622,6938,9128,0.684968671,-0.003752847,0.839924622,{'Montgomery': 39561},5436823
Pennsylvania (EV: 20),23:44.0,Trump,Biden,2970396,2354317,616079,1653623,4580,4545,0.196259626,0.803740374,6905,9128,0.688721518,-0.000322179,0.803740374,{'Lehigh': 4580},5397262
Pennsylvania (EV: 20),28:22.1,Trump,Biden,2969504,2350664,618840,1658203,0,0,0,0,6905,9128,0.689043697,-0.310956303,,{},5392682